id,section,section_id,submitted,attempt,3091731: I do not think that I can learn to understand design and interaction concepts.,1.0,3091751: Men are more likely to excel in careers that involve design and interaction than women are.,1.0.1,3091755: A student who performs well in human computer interaction will probably not have a life outside of computers.,1.0.2,3091753: Men and women are equally capable of solving design and interaction problems.,1.0.3,3091754: Men and women can both excel in human computer interaction courses.,1.0.4,3091759: I am active in organizations or social groups that include mostly members of my own ethnic group.,1.0.5,3091748: Design and interaction is an appropriate subject for both men and women to study.,1.0.6,3091762: I was encouraged to pursue a human computer interaction project/course/degree/career.,1.0.7,3091733: I can achieve good grades (C or better) in human computer interaction courses.,1.0.8,3091730: I have little self-confidence when it comes to design and interaction courses.,1.0.9,3091741: I do not like using design and interaction to solve problems.,1.0.10,3091740: I like to use design and interaction to solve problems.,1.0.11,3091736: I would not take additional human computer interaction courses if I were given the opportunity.,1.0.12,3091750: Men produce higher quality work in design and interaction than women.,1.0.13,3091734: I am confident that I can solve problems by applying design skills.,1.0.14,3091756: A student who performs well in human computer interaction is likely to have a life outside of computers.,1.0.15,3091732: I can learn to understand design and interaction concepts.,1.0.16,3091739: The challenge of solving problems using design and interaction does not appeal to me.,1.0.17,3091746: I doubt that a woman could excel in human computer interaction courses.,1.0.18,3091737: I think design and interaction is boring.,1.0.19,3091735: I doubt that I can solve problems by applying design skills.,1.0.20,3091744: I think design and interaction is interesting.,1.0.21,3091757: Students who are skilled at human computer interaction are less popular than other students.,1.0.22,3091729: I am comfortable with learning design and interaction concepts.,1.0.23,3091745: I would voluntarily take additional human computer interaction courses if I were given the opportunity.,1.0.24,3091752: Women produce the same quality work in design and interaction as men.,1.0.25,3091743: I hope that I can find a career that does not require the use of design and interaction concepts.,1.0.26,3091758: Students who are skilled at human computer interaction are just as popular as other students.,1.0.27,3091747: Men are more capable than women at solving design and interaction problems.,1.0.28,3091749: It is not appropriate for women to study design and interaction.,1.0.29,3091761: I have role models in human computer interaction who look like me.,1.0.30,3091742: The challenge of solving problems using design and interaction appeals to me.,1.0.31,3091738: I hope that my future career will require the use of design and interaction concepts.,1.0.32,3091760: I feel a strong attachment towards my own ethnic group.,1.0.33,n correct,n incorrect,score
5518087,COSC 341 101 2020W,72450,2021-01-16 15:46:21 UTC,1,Disagree,0.0,Strongly Disagree,0.0,Strongly Disagree,0.0,Strongly Agree,1.0,Strongly Agree,1.0,Strongly Disagree,0.0,Strongly Agree,1.0,Strongly Disagree,0.0,Strongly Agree,1.0,Agree,0.0,Disagree,0.0,Agree,0.0,Disagree,0.0,Strongly Disagree,0.0,Agree,0.0,Disagree,0.0,Agree,0.0,Disagree,0.0,Strongly Disagree,0.0,Disagree,0.0,Disagree,0.0,Agree,0.0,Strongly Disagree,0.0,Strongly Agree,1.0,Agree,0.0,Strongly Agree,1.0,Disagree,0.0,Strongly Agree,1.0,Strongly Disagree,0.0,Strongly Disagree,0.0,Strongly Disagree,0.0,Agree,0.0,Agree,0.0,Disagree,0.0,7,27,1.0
3500055,COSC 341 101 2020W,72450,2021-01-18 01:51:39 UTC,1,Strongly Disagree,0.0,Disagree,0.0,Agree,0.0,Strongly Agree,1.0,Strongly Agree,1.0,Strongly Agree,1.0,Strongly Agree,1.0,Agree,0.0,Agree,0.0,Disagree,0.0,Disagree,0.0,Agree,0.0,Disagree,0.0,Strongly Disagree,0.0,Agree,0.0,Agree,0.0,Agree,0.0,Disagree,0.0,Strongly Disagree,0.0,Disagree,0.0,Disagree,0.0,Agree,0.0,Agree,0.0,Strongly Agree,1.0,Agree,0.0,Strongly Agree,1.0,Disagree,0.0,Agree,0.0,Strongly Disagree,0.0,Strongly Disagree,0.0,Strongly Disagree,0.0,Agree,0.0,Agree,0.0,Agree,0.0,6,28,1.0
3378530,COSC 341 101 2020W,72450,2021-01-18 03:36:53 UTC,1,Strongly Disagree,0.0,Strongly Disagree,0.0,Strongly Disagree,0.0,Strongly Agree,1.0,Strongly Agree,1.0,Agree,0.0,Strongly Agree,1.0,Disagree,0.0,Agree,0.0,Strongly Disagree,0.0,Strongly Disagree,0.0,Strongly Agree,1.0,Strongly Disagree,0.0,Strongly Disagree,0.0,Strongly Agree,1.0,Strongly Agree,1.0,Strongly Agree,1.0,Strongly Disagree,0.0,Strongly Disagree,0.0,Strongly Disagree,0.0,Strongly Disagree,0.0,Strongly Agree,1.0,Strongly Disagree,0.0,Strongly Agree,1.0,Strongly Agree,1.0,Strongly Agree,1.0,Strongly Disagree,0.0,Strongly Agree,1.0,Strongly Disagree,0.0,Strongly Disagree,0.0,Strongly Agree,1.0,Strongly Agree,1.0,Strongly Agree,1.0,Strongly Disagree,0.0,15,19,1.0
4122541,COSC 341 101 2020W,72450,2021-01-18 07:28:13 UTC,1,Disagree,0.0,Disagree,0.0,Disagree,0.0,Strongly Agree,1.0,Strongly Agree,1.0,Disagree,0.0,Strongly Agree,1.0,Strongly Agree,1.0,Strongly Agree,1.0,Agree,0.0,Disagree,0.0,Strongly Agree,1.0,Strongly Disagree,0.0,Strongly Disagree,0.0,Strongly Agree,1.0,Strongly Agree,1.0,Strongly Agree,1.0,Disagree,0.0,Strongly Disagree,0.0,Disagree,0.0,Disagree,0.0,Strongly Agree,1.0,Strongly Disagree,0.0,Strongly Agree,1.0,Agree,0.0,Strongly Agree,1.0,Disagree,0.0,Disagree,0.0,Strongly Disagree,0.0,Strongly Disagree,0.0,Strongly Agree,1.0,Strongly Agree,1.0,Agree,0.0,Agree,0.0,14,20,1.0
3261610,COSC 341 101 2020W,72450,2021-01-18 03:23:12 UTC,1,Disagree,0.0,Strongly Disagree,0.0,Disagree,0.0,Agree,0.0,Agree,0.0,Disagree,0.0,Strongly Agree,1.0,Disagree,0.0,Agree,0.0,Disagree,0.0,Agree,0.0,Disagree,0.0,Agree,0.0,Strongly Disagree,0.0,Agree,0.0,Agree,0.0,Agree,0.0,Disagree,0.0,Strongly Disagree,0.0,Disagree,0.0,Disagree,0.0,Disagree,0.0,Disagree,0.0,Disagree,0.0,Disagree,0.0,Agree,0.0,Agree,0.0,Agree,0.0,Strongly Disagree,0.0,Strongly Disagree,0.0,Strongly Disagree,0.0,Disagree,0.0,Disagree,0.0,Strongly Disagree,0.0,1,33,1.0
2154105,COSC 341 101 2020W,72450,2021-01-16 19:28:05 UTC,1,Strongly Agree,1.0,Strongly Disagree,0.0,Disagree,0.0,Disagree,0.0,Strongly Disagree,0.0,Disagree,0.0,Disagree,0.0,Strongly Disagree,0.0,Strongly Disagree,0.0,Strongly Agree,1.0,Strongly Agree,1.0,Strongly Disagree,0.0,Strongly Agree,1.0,Disagree,0.0,Strongly Disagree,0.0,Disagree,0.0,Strongly Disagree ,0.0,Strongly Agree,1.0,Disagree,0.0,Strongly Agree,1.0,Disagree,0.0,Strongly Disagree,0.0,Disagree,0.0,Strongly Disagree,0.0,Strongly Disagree,0.0,Disagree,0.0,Disagree,0.0,Disagree,0.0,Disagree,0.0,Disagree,0.0,Strongly Disagree,0.0,Strongly Disagree,0.0,Strongly Disagree,0.0,Disagree,0.0,6,28,1.0
2289297,COSC 341 101 2020W,72450,2021-01-18 06:16:57 UTC,1,Disagree,0.0,Disagree,0.0,Disagree,0.0,Strongly Agree,1.0,Strongly Agree,1.0,Disagree,0.0,Strongly Agree,1.0,Agree,0.0,Strongly Agree,1.0,Agree,0.0,Disagree,0.0,Agree,0.0,Disagree,0.0,Disagree,0.0,Disagree,0.0,Agree,0.0,Strongly Agree,1.0,Disagree,0.0,Strongly Disagree,0.0,Disagree,0.0,Disagree,0.0,Agree,0.0,Disagree,0.0,Agree,0.0,Agree,0.0,Strongly Agree,1.0,Disagree,0.0,Agree,0.0,Disagree,0.0,Strongly Disagree,0.0,Disagree,0.0,Agree,0.0,Agree,0.0,Strongly Agree,1.0,7,27,1.0
7801377,COSC 341 101 2020W,72450,2021-01-18 06:07:33 UTC,1,Disagree,0.0,Strongly Disagree,0.0,Disagree,0.0,Strongly Agree,1.0,Strongly Agree,1.0,Agree,0.0,Strongly Agree,1.0,Strongly Disagree,0.0,Agree,0.0,Disagree,0.0,Disagree,0.0,Agree,0.0,Disagree,0.0,Strongly Disagree,0.0,Agree,0.0,Agree,0.0,Agree,0.0,Disagree,0.0,Strongly Disagree,0.0,Disagree,0.0,Disagree,0.0,Strongly Agree,1.0,Disagree,0.0,Agree,0.0,Agree,0.0,Strongly Agree,1.0,Disagree,0.0,Agree,0.0,Strongly Disagree,0.0,Strongly Disagree,0.0,Strongly Disagree,0.0,Agree,0.0,Agree,0.0,Agree,0.0,5,29,1.0
9414327,COSC 341 101 2020W,72450,2021-01-18 06:09:45 UTC,1,Disagree,0.0,Disagree,0.0,Disagree,0.0,Strongly Agree,1.0,Strongly Agree,1.0,Disagree,0.0,Strongly Agree,1.0,Disagree,0.0,Agree,0.0,Disagree,0.0,Disagree,0.0,Agree,0.0,Agree,0.0,Disagree,0.0,Agree,0.0,Agree,0.0,Agree,0.0,Disagree,0.0,Disagree,0.0,Disagree,0.0,Disagree,0.0,Strongly Agree,1.0,Disagree,0.0,Strongly Agree,1.0,Agree,0.0,Agree,0.0,Agree,0.0,Agree,0.0,Disagree,0.0,Agree,0.0,Disagree,0.0,Agree,0.0,Strongly Agree,1.0,Agree,0.0,6,28,1.0
7926633,COSC 341 101 2020W,72450,2021-01-18 05:18:38 UTC,1,Disagree,0.0,Disagree,0.0,Agree,0.0,Agree,0.0,Agree,0.0,Disagree,0.0,Agree,0.0,Agree,0.0,Agree,0.0,Disagree,0.0,Disagree,0.0,Agree,0.0,Disagree,0.0,Disagree,0.0,Agree,0.0,Disagree,0.0,Agree,0.0,Disagree,0.0,Strongly Disagree,0.0,Disagree,0.0,Disagree,0.0,Agree,0.0,Disagree,0.0,Agree,0.0,Agree,0.0,Agree,0.0,Disagree,0.0,Agree,0.0,Strongly Disagree,0.0,Strongly Disagree,0.0,Disagree,0.0,Agree,0.0,Agree,0.0,Agree,0.0,0,34,1.0
2744491,COSC 341 101 2020W,72450,2021-01-18 07:47:53 UTC,1,Agree,0.0,Strongly Disagree,0.0,Strongly Disagree,0.0,Strongly Agree,1.0,Strongly Agree,1.0,Disagree,0.0,Strongly Agree,1.0,Agree,0.0,Disagree,0.0,Disagree,0.0,Disagree,0.0,Agree,0.0,Disagree,0.0,Disagree,0.0,Disagree,0.0,Strongly Agree,1.0,Agree,0.0,Disagree,0.0,Strongly Disagree,0.0,Disagree,0.0,Agree,0.0,Agree,0.0,Strongly Disagree,0.0,Disagree,0.0,Agree,0.0,Strongly Agree,1.0,Disagree,0.0,Strongly Agree,1.0,Disagree,0.0,Disagree,0.0,Strongly Disagree,0.0,Agree,0.0,Disagree,0.0,Agree,0.0,6,28,1.0
3628601,COSC 341 101 2020W,72450,2021-01-18 03:35:07 UTC,1,Strongly Disagree,0.0,Strongly Disagree,0.0,Disagree,0.0,Strongly Agree,1.0,Strongly Agree,1.0,Disagree,0.0,Strongly Disagree,0.0,Agree,0.0,Agree,0.0,Disagree,0.0,Disagree,0.0,Agree,0.0,Disagree,0.0,Strongly Disagree,0.0,Agree,0.0,Agree,0.0,Strongly Agree,1.0,Disagree,0.0,Strongly Disagree,0.0,Disagree,0.0,Disagree,0.0,Agree,0.0,Disagree,0.0,Strongly Agree,1.0,Agree,0.0,Strongly Agree,1.0,Disagree,0.0,Agree,0.0,Strongly Disagree,0.0,Strongly Disagree,0.0,Disagree,0.0,Strongly Agree,1.0,Agree,0.0,Disagree,0.0,6,28,1.0
8393527,COSC 341 101 2020W,72450,2021-01-18 06:53:52 UTC,1,Disagree,0.0,Disagree,0.0,Disagree,0.0,Agree,0.0,Strongly Agree,1.0,Strongly Disagree,0.0,Agree,0.0,Disagree,0.0,Strongly Agree,1.0,Disagree,0.0,Disagree,0.0,Agree,0.0,Agree,0.0,Disagree,0.0,Strongly Agree,1.0,Agree,0.0,Agree,0.0,Disagree,0.0,Strongly Disagree,0.0,Disagree,0.0,Disagree,0.0,Agree,0.0,Disagree,0.0,Strongly Agree,1.0,Disagree,0.0,Agree,0.0,Disagree,0.0,Disagree,0.0,Disagree,0.0,Strongly Disagree,0.0,Disagree,0.0,Agree,0.0,Agree,0.0,Disagree,0.0,4,30,1.0
6529327,COSC 341 101 2020W,72450,2021-01-18 03:42:44 UTC,1,Disagree,0.0,Strongly Disagree,0.0,Agree,0.0,Strongly Agree,1.0,Strongly Agree,1.0,Strongly Disagree,0.0,Strongly Agree,1.0,Disagree,0.0,Agree,0.0,Agree,0.0,Disagree,0.0,Agree,0.0,Disagree,0.0,Strongly Disagree,0.0,Agree,0.0,Disagree,0.0,Agree,0.0,Disagree,0.0,Strongly Disagree,0.0,Disagree,0.0,Disagree,0.0,Strongly Agree,1.0,Disagree,0.0,Agree,0.0,Agree,0.0,Strongly Agree,1.0,Disagree,0.0,Agree,0.0,Strongly Disagree,0.0,Strongly Disagree,0.0,Disagree,0.0,Agree,0.0,Strongly Agree,1.0,Agree,0.0,6,28,1.0
8830004,COSC 341 101 2020W,72450,2021-01-16 16:02:15 UTC,1,Strongly Disagree,0.0,Strongly Disagree,0.0,Strongly Disagree,0.0,Strongly Agree,1.0,Strongly Agree,1.0,Agree,0.0,Strongly Agree,1.0,Strongly Agree,1.0,Strongly Agree,1.0,Strongly Disagree,0.0,Strongly Disagree,0.0,Strongly Agree,1.0,Strongly Disagree,0.0,Strongly Disagree,0.0,Strongly Agree,1.0,Strongly Agree,1.0,Strongly Agree,1.0,Strongly Disagree,0.0,Strongly Disagree,0.0,Strongly Disagree,0.0,Strongly Disagree,0.0,Strongly Agree,1.0,Strongly Disagree,0.0,Strongly Agree,1.0,Strongly Agree,1.0,Strongly Agree,1.0,Strongly Disagree,0.0,Agree,0.0,Strongly Disagree,0.0,Strongly Disagree,0.0,Agree,0.0,Strongly Agree,1.0,Strongly Agree,1.0,Agree,0.0,15,19,1.0
8371181,COSC 341 101 2020W,72450,2021-01-17 01:05:15 UTC,1,Disagree,0.0,Agree,0.0,Disagree,0.0,Agree,0.0,Strongly Agree,1.0,Disagree,0.0,Strongly Agree,1.0,Disagree,0.0,Strongly Agree,1.0,Agree,0.0,Strongly Disagree,0.0,Agree,0.0,Disagree,0.0,Disagree,0.0,Agree,0.0,Disagree,0.0,Strongly Agree,1.0,Disagree,0.0,Strongly Disagree,0.0,Disagree,0.0,Disagree,0.0,Agree,0.0,Disagree,0.0,Agree,0.0,Agree,0.0,Strongly Agree,1.0,Disagree,0.0,Agree,0.0,Disagree,0.0,Disagree,0.0,Agree,0.0,Strongly Agree,1.0,Agree,0.0,Disagree,0.0,6,28,1.0
7894105,COSC 341 101 2020W,72450,2021-01-16 06:35:25 UTC,1,Disagree,0.0,Disagree,0.0,Disagree,0.0,Agree,0.0,Strongly Agree,1.0,Agree,0.0,Strongly Agree,1.0,Agree,0.0,Agree,0.0,Agree,0.0,Disagree,0.0,Agree,0.0,Disagree,0.0,Disagree,0.0,Agree,0.0,Agree,0.0,Agree,0.0,Disagree,0.0,Disagree,0.0,Disagree,0.0,Disagree,0.0,Agree,0.0,Disagree,0.0,Agree,0.0,Agree,0.0,Agree,0.0,Disagree,0.0,Strongly Agree,1.0,Disagree,0.0,Strongly Disagree,0.0,Disagree,0.0,Agree,0.0,Agree,0.0,Agree,0.0,3,31,1.0
4922245,COSC 341 101 2020W,72450,2021-01-16 05:33:42 UTC,1,Disagree,0.0,Strongly Disagree,0.0,Strongly Disagree,0.0,Strongly Agree,1.0,Strongly Agree,1.0,Disagree,0.0,Strongly Agree,1.0,Disagree,0.0,Agree,0.0,Agree,0.0,Strongly Disagree,0.0,Agree,0.0,Strongly Disagree,0.0,Strongly Disagree,0.0,Agree,0.0,Agree,0.0,Agree,0.0,Disagree,0.0,Strongly Disagree,0.0,Strongly Disagree,0.0,Disagree,0.0,Agree,0.0,Disagree,0.0,Agree,0.0,Strongly Agree,1.0,Strongly Agree,1.0,Disagree,0.0,Disagree,0.0,Strongly Disagree,0.0,Strongly Disagree,0.0,Strongly Disagree,0.0,Agree,0.0,Strongly Agree,1.0,Agree,0.0,6,28,1.0
4262104,COSC 341 101 2020W,72450,2021-01-16 05:27:32 UTC,1,Strongly Disagree,0.0,Strongly Disagree,0.0,Strongly Disagree,0.0,Strongly Agree,1.0,Strongly Agree,1.0,Disagree,0.0,Strongly Agree,1.0,Agree,0.0,Strongly Agree,1.0,Agree,0.0,Disagree,0.0,Disagree,0.0,Disagree,0.0,Strongly Disagree,0.0,Strongly Agree,1.0,Agree,0.0,Strongly Agree,1.0,Strongly Disagree,0.0,Strongly Disagree,0.0,Disagree,0.0,Strongly Disagree,0.0,Strongly Agree,1.0,Disagree,0.0,Agree,0.0,Agree,0.0,Strongly Agree,1.0,Disagree,0.0,Agree,0.0,Strongly Disagree,0.0,Strongly Disagree,0.0,Strongly Disagree,0.0,Agree,0.0,Disagree,0.0,Disagree,0.0,8,26,1.0
7748571,COSC 341 101 2020W,72450,2021-01-16 04:55:36 UTC,1,Disagree,0.0,Disagree,0.0,Disagree,0.0,Agree,0.0,Agree,0.0,Disagree,0.0,Strongly Agree,1.0,Disagree,0.0,Disagree,0.0,Disagree,0.0,Disagree,0.0,Agree,0.0,Agree,0.0,Strongly Disagree,0.0,Agree,0.0,Disagree,0.0,Agree,0.0,Disagree,0.0,Disagree,0.0,Strongly Disagree,0.0,Disagree,0.0,Agree,0.0,Disagree,0.0,Agree,0.0,Disagree,0.0,Strongly Agree,1.0,Disagree,0.0,Disagree,0.0,Strongly Disagree,0.0,Disagree,0.0,Strongly Disagree,0.0,Agree,0.0,Disagree,0.0,Agree,0.0,2,32,1.0
9002921,COSC 341 101 2020W,72450,2021-01-16 04:33:45 UTC,1,Strongly Disagree,0.0,Strongly Disagree,0.0,Disagree,0.0,Strongly Agree,1.0,Strongly Agree,1.0,Agree,0.0,Strongly Agree,1.0,Agree,0.0,Strongly Agree,1.0,Agree,0.0,Disagree,0.0,Strongly Agree,1.0,Strongly Agree,1.0,Disagree,0.0,Agree,0.0,Agree,0.0,Strongly Agree,1.0,Disagree,0.0,Strongly Agree,1.0,Strongly Disagree,0.0,Agree,0.0,Strongly Agree,1.0,Strongly Disagree,0.0,Strongly Agree,1.0,Strongly Agree,1.0,Strongly Disagree,0.0,Disagree,0.0,Strongly Agree,1.0,Disagree,0.0,Strongly Disagree,0.0,Disagree,0.0,Agree,0.0,Strongly Agree,1.0,Agree,0.0,13,21,1.0
1784979,COSC 341 101 2020W,72450,2021-01-16 04:31:08 UTC,1,Strongly Disagree,0.0,Strongly Disagree,0.0,Disagree,0.0,Strongly Agree,1.0,Strongly Agree,1.0,Agree,0.0,Strongly Agree,1.0,Disagree,0.0,Strongly Agree,1.0,Agree,0.0,Disagree,0.0,Agree,0.0,Disagree,0.0,Strongly Disagree,0.0,Strongly Agree,1.0,Disagree,0.0,Strongly Agree,1.0,Disagree,0.0,Strongly Agree,1.0,Strongly Disagree,0.0,Disagree,0.0,Agree,0.0,Strongly Disagree,0.0,Agree,0.0,Agree,0.0,Strongly Agree,1.0,Disagree,0.0,Agree,0.0,Strongly Disagree,0.0,Strongly Disagree,0.0,Disagree,0.0,Agree,0.0,Agree,0.0,Disagree,0.0,8,26,1.0
4731217,COSC 341 101 2020W,72450,2021-01-16 03:30:42 UTC,1,Strongly Disagree,0.0,Strongly Disagree,0.0,Strongly Disagree,0.0,Strongly Agree,1.0,Strongly Agree,1.0,Disagree,0.0,Strongly Agree,1.0,Agree,0.0,Strongly Agree,1.0,Strongly Disagree,0.0,Disagree,0.0,Agree,0.0,Disagree,0.0,Strongly Disagree,0.0,Agree,0.0,Strongly Agree,1.0,Strongly Agree,1.0,Disagree,0.0,Strongly Disagree,0.0,Disagree,0.0,Disagree,0.0,Strongly Agree,1.0,Disagree,0.0,Strongly Agree,1.0,Agree,0.0,Strongly Agree,1.0,Disagree,0.0,Agree,0.0,Strongly Disagree,0.0,Strongly Disagree,0.0,Agree,0.0,Agree,0.0,Agree,0.0,Disagree,0.0,9,25,1.0
1702317,COSC 341 101 2020W,72450,2021-01-16 03:16:56 UTC,1,Disagree,0.0,Strongly Disagree,0.0,Disagree,0.0,Strongly Agree,1.0,Strongly Agree,1.0,Strongly Disagree,0.0,Strongly Agree,1.0,Agree,0.0,Strongly Agree,1.0,Agree,0.0,Strongly Disagree,0.0,Agree,0.0,Strongly Disagree,0.0,Strongly Disagree,0.0,Agree,0.0,Agree,0.0,Strongly Agree,1.0,Strongly Disagree,0.0,Strongly Disagree,0.0,Strongly Disagree,0.0,Strongly Disagree,0.0,Strongly Agree,1.0,Strongly Disagree,0.0,Strongly Agree,1.0,Agree,0.0,Strongly Agree,1.0,Disagree,0.0,Agree,0.0,Strongly Disagree,0.0,Strongly Disagree,0.0,Strongly Disagree,0.0,Strongly Agree,1.0,Agree,0.0,Agree,0.0,9,25,1.0
2647670,COSC 341 101 2020W,72450,2021-01-16 02:53:38 UTC,1,Disagree,0.0,Strongly Disagree,0.0,Disagree,0.0,Strongly Agree,1.0,Strongly Agree,1.0,Agree,0.0,Strongly Agree,1.0,Disagree,0.0,Agree,0.0,Agree,0.0,Disagree,0.0,Agree,0.0,Disagree,0.0,Strongly Disagree,0.0,Agree,0.0,Agree,0.0,Agree,0.0,Disagree,0.0,Strongly Disagree,0.0,Disagree,0.0,Disagree,0.0,Agree,0.0,Disagree,0.0,Agree,0.0,Agree,0.0,Strongly Agree,1.0,Disagree,0.0,Strongly Agree,1.0,Strongly Disagree,0.0,Strongly Disagree,0.0,Agree,0.0,Agree,0.0,Agree,0.0,Disagree,0.0,5,29,1.0
6311520,COSC 341 101 2020W,72450,2021-01-16 02:03:48 UTC,1,Disagree,0.0,Strongly Disagree,0.0,Strongly Disagree,0.0,Strongly Agree,1.0,Strongly Agree,1.0,Strongly Disagree,0.0,Strongly Agree,1.0,Disagree,0.0,Agree,0.0,Agree,0.0,Disagree,0.0,Disagree,0.0,Agree,0.0,Strongly Disagree,0.0,Agree,0.0,Agree,0.0,Agree,0.0,Disagree,0.0,Strongly Disagree,0.0,Disagree,0.0,Disagree,0.0,Agree,0.0,Disagree,0.0,Agree,0.0,Disagree,0.0,Strongly Agree,1.0,Disagree,0.0,Agree,0.0,Strongly Disagree,0.0,Strongly Disagree,0.0,Disagree,0.0,Agree,0.0,Agree,0.0,Agree,0.0,4,30,1.0
5274956,COSC 341 101 2020W,72450,2021-01-16 02:03:25 UTC,1,Strongly Disagree,0.0,Strongly Disagree,0.0,Strongly Disagree,0.0,Strongly Agree,1.0,Strongly Agree,1.0,Disagree,0.0,Strongly Agree,1.0,Strongly Agree,1.0,Strongly Agree,1.0,Strongly Disagree,0.0,Strongly Disagree,0.0,Strongly Agree,1.0,Strongly Disagree,0.0,Strongly Disagree,0.0,Strongly Agree,1.0,Agree,0.0,Strongly Agree,1.0,Strongly Disagree,0.0,Strongly Disagree,0.0,Strongly Disagree,0.0,Strongly Disagree,0.0,Strongly Agree,1.0,Strongly Disagree,0.0,Strongly Agree,1.0,Strongly Agree,1.0,Strongly Agree,1.0,Strongly Disagree,0.0,Disagree,0.0,Strongly Disagree,0.0,Strongly Disagree,0.0,Strongly Agree,1.0,Strongly Agree,1.0,Strongly Agree,1.0,Agree,0.0,15,19,1.0
9245857,COSC 341 101 2020W,72450,2021-01-16 01:37:31 UTC,1,Strongly Disagree,0.0,Strongly Disagree,0.0,Strongly Disagree,0.0,Strongly Agree,1.0,Strongly Agree,1.0,Disagree,0.0,Strongly Agree,1.0,Agree,0.0,Strongly Agree,1.0,Disagree,0.0,Strongly Disagree,0.0,Strongly Agree,1.0,Strongly Disagree,0.0,Strongly Disagree,0.0,Agree,0.0,Agree,0.0,Strongly Agree,1.0,Strongly Disagree,0.0,Strongly Disagree,0.0,Strongly Disagree,0.0,Disagree,0.0,Strongly Agree,1.0,Disagree,0.0,Strongly Agree,1.0,Strongly Agree,1.0,Strongly Agree,1.0,Disagree,0.0,Agree,0.0,Strongly Disagree,0.0,Strongly Disagree,0.0,Disagree,0.0,Strongly Agree,1.0,Strongly Agree,1.0,Agree,0.0,12,22,1.0
4411549,COSC 341 101 2020W,72450,2021-01-16 01:26:02 UTC,1,Disagree,0.0,Strongly Disagree,0.0,Disagree,0.0,Strongly Agree,1.0,Strongly Agree,1.0,Disagree,0.0,Strongly Agree,1.0,Disagree,0.0,Strongly Agree,1.0,Disagree,0.0,Disagree,0.0,Agree,0.0,Disagree,0.0,Strongly Disagree,0.0,Agree,0.0,Agree,0.0,Agree,0.0,Disagree,0.0,Strongly Disagree,0.0,Strongly Disagree,0.0,Disagree,0.0,Strongly Agree,1.0,Disagree,0.0,Agree,0.0,Agree,0.0,Strongly Agree,1.0,Disagree,0.0,Agree,0.0,Strongly Disagree,0.0,Strongly Disagree,0.0,Disagree,0.0,Agree,0.0,Agree,0.0,Strongly Disagree,0.0,6,28,1.0
8519179,COSC 341 101 2020W,72450,2021-01-16 01:22:53 UTC,1,Strongly Disagree,0.0,Strongly Disagree,0.0,Disagree,0.0,Strongly Agree,1.0,Strongly Agree,1.0,Disagree,0.0,Strongly Agree,1.0,Strongly Agree,1.0,Agree,0.0,Disagree,0.0,Strongly Disagree,0.0,Strongly Agree,1.0,Strongly Disagree,0.0,Strongly Disagree,0.0,Strongly Agree,1.0,Agree,0.0,Strongly Agree,1.0,Strongly Disagree,0.0,Strongly Disagree,0.0,Strongly Disagree,0.0,Strongly Disagree,0.0,Strongly Agree,1.0,Disagree,0.0,Strongly Agree,1.0,Strongly Agree,1.0,Strongly Agree,1.0,Strongly Disagree,0.0,Strongly Agree,1.0,Strongly Disagree,0.0,Strongly Disagree,0.0,Disagree,0.0,Strongly Agree,1.0,Strongly Agree,1.0,Disagree,0.0,14,20,1.0
4950537,COSC 341 101 2020W,72450,2021-01-16 01:09:01 UTC,1,Strongly Disagree,0.0,Strongly Disagree,0.0,Strongly Disagree,0.0,Strongly Agree,1.0,Strongly Agree,1.0,Disagree,0.0,Strongly Agree,1.0,Strongly Agree,1.0,Strongly Agree,1.0,Disagree,0.0,Strongly Disagree,0.0,Strongly Agree,1.0,Strongly Disagree,0.0,Strongly Disagree,0.0,Strongly Agree,1.0,Strongly Agree,1.0,Strongly Agree,1.0,Strongly Disagree,0.0,Strongly Disagree,0.0,Strongly Disagree,0.0,Strongly Disagree,0.0,Strongly Agree,1.0,Strongly Disagree,0.0,Strongly Agree,1.0,Strongly Agree,1.0,Strongly Agree,1.0,Strongly Disagree,0.0,Strongly Agree,1.0,Strongly Disagree,0.0,Strongly Disagree,0.0,Strongly Disagree,0.0,Strongly Agree,1.0,Strongly Agree,1.0,Agree,0.0,16,18,1.0
2638547,COSC 341 101 2020W,72450,2021-01-16 01:03:03 UTC,1,Disagree,0.0,Strongly Disagree,0.0,Disagree,0.0,Strongly Agree,1.0,Strongly Agree,1.0,Disagree,0.0,Strongly Agree,1.0,Agree,0.0,Agree,0.0,Strongly Agree,1.0,Disagree,0.0,Strongly Agree,1.0,Disagree,0.0,Strongly Disagree,0.0,Strongly Agree,1.0,Strongly Agree,1.0,Agree,0.0,Disagree,0.0,Strongly Disagree,0.0,Disagree,0.0,Disagree,0.0,Strongly Agree,1.0,Disagree,0.0,Strongly Agree,1.0,Disagree,0.0,Strongly Agree,1.0,Disagree,0.0,Agree,0.0,Strongly Disagree,0.0,Strongly Disagree,0.0,Agree,0.0,Agree,0.0,Agree,0.0,Agree,0.0,10,24,1.0
5826040,COSC 341 101 2020W,72450,2021-01-16 00:57:32 UTC,1,Strongly Disagree,0.0,Strongly Disagree,0.0,Strongly Disagree,0.0,Agree,0.0,Strongly Agree,1.0,Agree,0.0,Strongly Agree,1.0,Agree,0.0,Agree,0.0,Agree,0.0,Disagree,0.0,Agree,0.0,Disagree,0.0,Strongly Disagree,0.0,Agree,0.0,Agree,0.0,Agree,0.0,Disagree,0.0,Strongly Disagree,0.0,Disagree,0.0,Disagree,0.0,Agree,0.0,Strongly Disagree,0.0,Agree,0.0,Agree,0.0,Strongly Agree,1.0,Disagree,0.0,Agree,0.0,Strongly Disagree,0.0,Strongly Disagree,0.0,Agree,0.0,Agree,0.0,Agree,0.0,Disagree,0.0,3,31,1.0
2302599,COSC 341 101 2020W,72450,2021-01-16 00:55:31 UTC,1,Disagree,0.0,Disagree,0.0,Disagree,0.0,Strongly Agree,1.0,Strongly Agree,1.0,Agree,0.0,Strongly Agree,1.0,Disagree,0.0,Strongly Agree,1.0,Agree,0.0,Disagree,0.0,Agree,0.0,Disagree,0.0,Disagree,0.0,Agree,0.0,Agree,0.0,Strongly Agree,1.0,Disagree,0.0,Strongly Disagree,0.0,Disagree,0.0,Disagree,0.0,Agree,0.0,Strongly Disagree,0.0,Agree,0.0,Agree,0.0,Strongly Agree,1.0,Disagree,0.0,Disagree,0.0,Disagree,0.0,Strongly Disagree,0.0,Disagree,0.0,Agree,0.0,Agree,0.0,Disagree,0.0,6,28,1.0
2861630,COSC 341 101 2020W,72450,2021-01-16 00:48:34 UTC,1,Disagree,0.0,Disagree,0.0,Disagree,0.0,Agree,0.0,Agree,0.0,Agree,0.0,Agree,0.0,Disagree,0.0,Agree,0.0,Disagree,0.0,Disagree,0.0,Agree,0.0,Agree,0.0,Disagree,0.0,Agree,0.0,Disagree,0.0,Agree,0.0,Disagree,0.0,Disagree,0.0,Disagree,0.0,Disagree,0.0,Agree,0.0,Disagree,0.0,Agree,0.0,Disagree,0.0,Agree,0.0,Disagree,0.0,Agree,0.0,Disagree,0.0,Disagree,0.0,Disagree,0.0,Agree,0.0,Disagree,0.0,Agree,0.0,0,34,1.0
3199349,COSC 341 101 2020W,72450,2021-01-16 00:46:10 UTC,1,Strongly Disagree,0.0,Agree,0.0,Strongly Disagree,0.0,Strongly Agree,1.0,Strongly Agree,1.0,Disagree,0.0,Strongly Agree,1.0,Disagree,0.0,Strongly Agree,1.0,Agree,0.0,Strongly Disagree,0.0,Strongly Agree,1.0,Strongly Disagree,0.0,Strongly Disagree,0.0,Strongly Agree,1.0,Strongly Agree,1.0,Strongly Agree,1.0,Strongly Disagree,0.0,Disagree,0.0,Strongly Disagree,0.0,Strongly Disagree,0.0,Strongly Agree,1.0,Strongly Disagree,0.0,Strongly Agree,1.0,Strongly Agree,1.0,Strongly Agree,1.0,Strongly Disagree,0.0,Strongly Agree,1.0,Strongly Disagree,0.0,Strongly Disagree,0.0,Disagree,0.0,Strongly Agree,1.0,Agree,0.0,Agree,0.0,14,20,1.0
8699995,COSC 341 101 2020W,72450,2021-01-16 00:27:13 UTC,1,Disagree,0.0,Disagree,0.0,Disagree,0.0,Strongly Agree,1.0,Strongly Agree,1.0,Disagree,0.0,Agree,0.0,Disagree,0.0,Agree,0.0,Disagree,0.0,Agree,0.0,Agree,0.0,Disagree,0.0,Disagree,0.0,Disagree,0.0,Agree,0.0,Strongly Agree,1.0,Disagree,0.0,Disagree,0.0,Disagree,0.0,Agree,0.0,Agree,0.0,Disagree,0.0,Agree,0.0,Disagree,0.0,Strongly Agree,1.0,Agree,0.0,Agree,0.0,Disagree,0.0,Disagree,0.0,Disagree,0.0,Agree,0.0,Disagree,0.0,Disagree,0.0,4,30,1.0
5810166,COSC 341 101 2020W,72450,2021-01-16 00:26:25 UTC,1,Disagree,0.0,Disagree,0.0,Disagree,0.0,Agree,0.0,Agree,0.0,Strongly Agree,1.0,Agree,0.0,Agree,0.0,Agree,0.0,Agree,0.0,Disagree,0.0,Agree,0.0,Disagree,0.0,Disagree,0.0,Agree,0.0,Agree,0.0,Agree,0.0,Disagree,0.0,Disagree,0.0,Disagree,0.0,Disagree,0.0,Agree,0.0,Disagree,0.0,Agree,0.0,Agree,0.0,Agree,0.0,Disagree,0.0,Agree,0.0,Disagree,0.0,Disagree,0.0,Disagree,0.0,Agree,0.0,Agree,0.0,Strongly Agree,1.0,2,32,1.0
1838508,COSC 341 101 2020W,72450,2021-01-16 00:19:47 UTC,1,Disagree,0.0,Disagree,0.0,Disagree,0.0,Agree,0.0,Agree,0.0,Disagree,0.0,Agree,0.0,Disagree,0.0,Agree,0.0,Disagree,0.0,Disagree,0.0,Agree,0.0,Disagree,0.0,Disagree,0.0,Agree,0.0,Agree,0.0,Agree,0.0,Disagree,0.0,Strongly Disagree,0.0,Disagree,0.0,Disagree,0.0,Agree,0.0,Disagree,0.0,Agree,0.0,Agree,0.0,Agree,0.0,Disagree,0.0,Disagree,0.0,Disagree,0.0,Disagree,0.0,Disagree,0.0,Agree,0.0,Agree,0.0,Disagree,0.0,0,34,1.0
3718192,COSC 341 101 2020W,72450,2021-01-16 00:17:34 UTC,1,Disagree,0.0,Disagree,0.0,Disagree,0.0,Strongly Agree,1.0,Strongly Agree,1.0,Agree,0.0,Agree,0.0,Agree,0.0,Agree,0.0,Agree,0.0,Disagree,0.0,Agree,0.0,Strongly Disagree,0.0,Strongly Disagree,0.0,Agree,0.0,Agree,0.0,Agree,0.0,Disagree,0.0,Strongly Disagree,0.0,Disagree,0.0,Disagree,0.0,Agree,0.0,Agree,0.0,Agree,0.0,Agree,0.0,Agree,0.0,Disagree,0.0,Disagree,0.0,Disagree,0.0,Strongly Disagree,0.0,Disagree,0.0,Agree,0.0,Agree,0.0,Disagree,0.0,2,32,1.0
5023118,COSC 341 101 2020W,72450,2021-01-16 00:14:39 UTC,1,Disagree,0.0,Disagree,0.0,Strongly Disagree,0.0,Strongly Agree,1.0,Strongly Agree,1.0,Agree,0.0,Agree,0.0,Agree,0.0,Agree,0.0,Disagree,0.0,Disagree,0.0,Agree,0.0,Disagree,0.0,Disagree,0.0,Agree,0.0,Agree,0.0,Agree,0.0,Disagree,0.0,Strongly Disagree,0.0,Disagree,0.0,Disagree,0.0,Agree,0.0,Disagree,0.0,Agree,0.0,Agree,0.0,Strongly Agree,1.0,Disagree,0.0,Agree,0.0,Disagree,0.0,Strongly Disagree,0.0,Agree,0.0,Agree,0.0,Agree,0.0,Agree,0.0,3,31,1.0
5329311,COSC 341 101 2020W,72450,2021-01-16 00:14:26 UTC,1,Strongly Disagree,0.0,Disagree,0.0,Disagree,0.0,Agree,0.0,Strongly Agree,1.0,Strongly Disagree,0.0,Strongly Agree,1.0,Strongly Disagree,0.0,Strongly Agree,1.0,Strongly Disagree,0.0,Agree,0.0,Disagree,0.0,Agree,0.0,Strongly Disagree,0.0,Strongly Agree,1.0,Agree,0.0,Strongly Agree,1.0,Agree,0.0,Strongly Disagree,0.0,Agree,0.0,Disagree,0.0,Strongly Agree,1.0,Disagree,0.0,Agree,0.0,Disagree,0.0,Strongly Agree,1.0,Disagree,0.0,Strongly Disagree,0.0,Disagree,0.0,Strongly Disagree,0.0,Disagree,0.0,Disagree,0.0,Disagree,0.0,Disagree,0.0,7,27,1.0
9809827,COSC 341 101 2020W,72450,2021-01-16 00:05:21 UTC,1,Strongly Disagree,0.0,Strongly Disagree,0.0,Strongly Disagree,0.0,Strongly Agree,1.0,Strongly Agree,1.0,Disagree,0.0,Strongly Agree,1.0,Agree,0.0,Strongly Agree,1.0,Strongly Disagree,0.0,Disagree,0.0,Agree,0.0,Disagree,0.0,Strongly Disagree,0.0,Strongly Agree,1.0,Strongly Agree,1.0,Strongly Agree,1.0,Strongly Disagree,0.0,Strongly Disagree,0.0,Strongly Disagree,0.0,Strongly Disagree,0.0,Strongly Agree,1.0,Strongly Disagree,0.0,Strongly Agree,1.0,Agree,0.0,Strongly Agree,1.0,Disagree,0.0,Strongly Agree,1.0,Strongly Disagree,0.0,Strongly Disagree,0.0,Agree,0.0,Strongly Agree,1.0,Strongly Agree,1.0,Agree,0.0,13,21,1.0
4006013,COSC 341 101 2020W,72450,2021-01-16 00:02:45 UTC,1,Strongly Disagree,0.0,Strongly Disagree,0.0,Strongly Disagree,0.0,Strongly Agree,1.0,Strongly Agree,1.0,Disagree,0.0,Strongly Agree,1.0,Disagree,0.0,Strongly Agree,1.0,Disagree,0.0,Strongly Disagree,0.0,Strongly Agree,1.0,Disagree,0.0,Strongly Disagree,0.0,Strongly Agree,1.0,Strongly Agree,1.0,Strongly Agree,1.0,Strongly Disagree,0.0,Strongly Disagree,0.0,Strongly Disagree,0.0,Strongly Disagree,0.0,Agree,0.0,Strongly Disagree,0.0,Strongly Agree,1.0,Agree,0.0,Strongly Agree,1.0,Strongly Disagree,0.0,Agree,0.0,Strongly Disagree,0.0,Strongly Disagree,0.0,Disagree,0.0,Agree,0.0,Strongly Agree,1.0,Disagree,0.0,11,23,1.0
6797783,COSC 341 101 2020W,72450,2021-01-15 23:50:51 UTC,1,Disagree,0.0,Disagree,0.0,Disagree,0.0,Agree,0.0,Agree,0.0,Agree,0.0,Agree,0.0,Disagree,0.0,Agree,0.0,Disagree,0.0,Disagree,0.0,Agree,0.0,Agree,0.0,Disagree,0.0,Agree,0.0,Agree,0.0,Agree,0.0,Disagree,0.0,Disagree,0.0,Disagree,0.0,Disagree,0.0,Agree,0.0,Disagree,0.0,Agree,0.0,Disagree,0.0,Agree,0.0,Disagree,0.0,Agree,0.0,Disagree,0.0,Disagree,0.0,Disagree,0.0,Agree,0.0,Agree,0.0,,0.0,0,34,1.0
6393986,COSC 341 101 2020W,72450,2021-01-15 23:24:55 UTC,1,Disagree,0.0,Disagree,0.0,Disagree,0.0,Agree,0.0,Agree,0.0,Agree,0.0,Agree,0.0,Agree,0.0,Agree,0.0,Agree,0.0,Disagree,0.0,Agree,0.0,Agree,0.0,Disagree,0.0,Disagree,0.0,Agree,0.0,Agree,0.0,Agree,0.0,Disagree,0.0,Disagree,0.0,Disagree,0.0,Agree,0.0,Disagree,0.0,Agree,0.0,Agree,0.0,Agree,0.0,Disagree,0.0,Agree,0.0,Disagree,0.0,Disagree,0.0,Agree,0.0,Agree,0.0,Agree,0.0,Agree,0.0,0,34,1.0
8145375,COSC 341 101 2020W,72450,2021-01-15 21:52:53 UTC,1,Strongly Disagree,0.0,Strongly Disagree,0.0,Strongly Disagree,0.0,Strongly Agree,1.0,Strongly Agree,1.0,Strongly Agree,1.0,Strongly Agree,1.0,Strongly Agree,1.0,Strongly Agree,1.0,Strongly Agree,1.0,Strongly Disagree,0.0,Strongly Agree,1.0,Disagree,0.0,Strongly Disagree,0.0,Strongly Agree,1.0,Strongly Disagree,0.0,Strongly Agree,1.0,Disagree,0.0,Strongly Disagree,0.0,Disagree,0.0,Strongly Disagree,0.0,Strongly Agree,1.0,Strongly Agree,1.0,Strongly Agree,1.0,Strongly Agree,1.0,Strongly Agree,1.0,Strongly Disagree,0.0,Strongly Agree,1.0,Strongly Disagree,0.0,Strongly Disagree,0.0,Agree,0.0,Strongly Agree,1.0,Strongly Agree,1.0,Strongly Agree,1.0,19,15,1.0
3195820,COSC 341 101 2020W,72450,2021-01-15 21:27:57 UTC,1,Disagree,0.0,Strongly Disagree,0.0,Strongly Disagree,0.0,Strongly Agree,1.0,Strongly Agree,1.0,Disagree,0.0,Strongly Agree,1.0,Strongly Disagree,0.0,Agree,0.0,Disagree,0.0,Disagree,0.0,Strongly Agree,1.0,Disagree,0.0,Strongly Disagree,0.0,Strongly Agree,1.0,Agree,0.0,Agree,0.0,Strongly Disagree,0.0,Strongly Disagree,0.0,Disagree,0.0,Strongly Disagree,0.0,Agree,0.0,Strongly Disagree,0.0,Strongly Agree,1.0,Agree,0.0,Strongly Agree,1.0,Strongly Disagree,0.0,Agree,0.0,Strongly Disagree,0.0,Strongly Disagree,0.0,Disagree,0.0,Agree,0.0,Agree,0.0,Agree,0.0,7,27,1.0
8142618,COSC 341 101 2020W,72450,2021-01-15 21:21:49 UTC,1,Agree,0.0,Strongly Disagree,0.0,Strongly Disagree,0.0,Strongly Agree,1.0,Strongly Agree,1.0,Strongly Disagree,0.0,Strongly Agree,1.0,Disagree,0.0,Strongly Agree,1.0,Strongly Agree,1.0,Disagree,0.0,Disagree,0.0,Disagree,0.0,Strongly Disagree,0.0,Disagree,0.0,Agree,0.0,Agree,0.0,Disagree,0.0,Strongly Disagree,0.0,Strongly Disagree,0.0,Agree,0.0,Strongly Agree,1.0,Strongly Agree,1.0,Disagree,0.0,Disagree,0.0,Strongly Agree,1.0,Strongly Disagree,0.0,Strongly Disagree,0.0,Strongly Disagree,0.0,Strongly Disagree,0.0,Agree,0.0,Disagree,0.0,Agree,0.0,Strongly Disagree,0.0,8,26,1.0
9037967,COSC 341 101 2020W,72450,2021-01-15 20:42:38 UTC,1,Strongly Disagree,0.0,Agree,0.0,Agree,0.0,Strongly Disagree,0.0,Agree,0.0,Disagree,0.0,Agree,0.0,Strongly Disagree,0.0,Agree,0.0,Agree,0.0,Agree,0.0,Agree,0.0,Agree,0.0,Strongly Agree,1.0,Strongly Agree,1.0,Agree,0.0,Strongly Disagree ,0.0,Disagree,0.0,Strongly Disagree,0.0,Strongly Agree,1.0,Agree,0.0,Agree,0.0,Disagree,0.0,Disagree,0.0,Disagree,0.0,Agree,0.0,Strongly Disagree,0.0,Disagree,0.0,Agree,0.0,Strongly Disagree,0.0,Strongly Disagree,0.0,Strongly Disagree,0.0,Disagree,0.0,Disagree,0.0,3,31,1.0
6839112,COSC 341 101 2020W,72450,2021-01-15 19:56:11 UTC,1,Strongly Disagree,0.0,Disagree,0.0,Disagree,0.0,Agree,0.0,Agree,0.0,Disagree,0.0,Agree,0.0,Agree,0.0,Strongly Agree,1.0,Strongly Disagree,0.0,Disagree,0.0,Agree,0.0,Disagree,0.0,Disagree,0.0,Strongly Agree,1.0,Agree,0.0,Strongly Agree,1.0,Strongly Disagree,0.0,Disagree,0.0,Disagree,0.0,Disagree,0.0,Agree,0.0,Disagree,0.0,Agree,0.0,Agree,0.0,Agree,0.0,Disagree,0.0,Agree,0.0,Disagree,0.0,Strongly Disagree,0.0,Disagree,0.0,Strongly Agree,1.0,Agree,0.0,Disagree,0.0,4,30,1.0
6057512,COSC 341 101 2020W,72450,2021-01-15 19:40:47 UTC,1,Strongly Disagree,0.0,Disagree,0.0,Strongly Disagree,0.0,Strongly Agree,1.0,Strongly Agree,1.0,Agree,0.0,Strongly Agree,1.0,Disagree,0.0,Strongly Agree,1.0,Disagree,0.0,Disagree,0.0,Agree,0.0,Strongly Disagree,0.0,Strongly Disagree,0.0,Strongly Agree,1.0,Strongly Agree,1.0,Agree,0.0,Strongly Disagree,0.0,Strongly Disagree,0.0,Strongly Disagree,0.0,Disagree,0.0,Agree,0.0,Strongly Disagree,0.0,Strongly Agree,1.0,Strongly Agree,1.0,Strongly Agree,1.0,Strongly Disagree,0.0,Agree,0.0,Strongly Disagree,0.0,Strongly Disagree,0.0,Agree,0.0,Strongly Agree,1.0,Strongly Agree,1.0,Strongly Disagree,0.0,11,23,1.0
2152820,COSC 341 101 2020W,72450,2021-01-15 19:38:40 UTC,1,Strongly Disagree,0.0,Disagree,0.0,Disagree,0.0,Strongly Agree,1.0,Strongly Agree,1.0,Agree,0.0,Strongly Agree,1.0,Disagree,0.0,Strongly Agree,1.0,Disagree,0.0,Disagree,0.0,Agree,0.0,Disagree,0.0,Disagree,0.0,Agree,0.0,Agree,0.0,Agree,0.0,Disagree,0.0,Strongly Disagree,0.0,Disagree,0.0,Disagree,0.0,Agree,0.0,Disagree,0.0,Agree,0.0,Agree,0.0,Strongly Agree,1.0,Disagree,0.0,Agree,0.0,Disagree,0.0,Strongly Disagree,0.0,Agree,0.0,Agree,0.0,Agree,0.0,Strongly Disagree,0.0,5,29,1.0
6165231,COSC 341 101 2020W,72450,2021-01-15 19:37:18 UTC,1,Strongly Disagree,0.0,Disagree,0.0,Strongly Disagree,0.0,Strongly Agree,1.0,Strongly Agree,1.0,Disagree,0.0,Strongly Agree,1.0,Strongly Disagree,0.0,Strongly Agree,1.0,Disagree,0.0,Disagree,0.0,Agree,0.0,Disagree,0.0,Strongly Disagree,0.0,Agree,0.0,Agree,0.0,Agree,0.0,Disagree,0.0,Strongly Disagree,0.0,Disagree,0.0,Strongly Disagree,0.0,Agree,0.0,Disagree,0.0,Agree,0.0,Agree,0.0,Strongly Agree,1.0,Disagree,0.0,Agree,0.0,Strongly Disagree,0.0,Strongly Disagree,0.0,Disagree,0.0,Agree,0.0,Agree,0.0,Disagree,0.0,5,29,1.0
2618758,COSC 341 101 2020W,72450,2021-01-15 18:29:00 UTC,1,Strongly Disagree,0.0,Strongly Disagree,0.0,Disagree,0.0,Strongly Agree,1.0,Strongly Agree,1.0,Agree,0.0,Strongly Agree,1.0,Disagree,0.0,Agree,0.0,Disagree,0.0,Disagree,0.0,Agree,0.0,Strongly Disagree,0.0,Disagree,0.0,Agree,0.0,Agree,0.0,Strongly Agree,1.0,Disagree,0.0,Strongly Disagree,0.0,Disagree,0.0,Disagree,0.0,Strongly Agree,1.0,Disagree,0.0,Strongly Agree,1.0,Agree,0.0,Strongly Agree,1.0,Disagree,0.0,Strongly Agree,1.0,Strongly Disagree,0.0,Strongly Disagree,0.0,Strongly Disagree,0.0,Agree,0.0,Agree,0.0,Disagree,0.0,8,26,1.0
5961204,COSC 341 101 2020W,72450,2021-01-15 18:16:40 UTC,1,Disagree,0.0,Strongly Disagree,0.0,Strongly Disagree,0.0,Strongly Agree,1.0,Strongly Agree,1.0,Disagree,0.0,Strongly Agree,1.0,Strongly Agree,1.0,Strongly Agree,1.0,Agree,0.0,Disagree,0.0,Strongly Agree,1.0,Strongly Disagree,0.0,Strongly Disagree,0.0,Strongly Agree,1.0,Strongly Agree,1.0,Strongly Agree,1.0,Disagree,0.0,Strongly Disagree,0.0,Strongly Disagree,0.0,Disagree,0.0,Strongly Agree,1.0,Disagree,0.0,Strongly Agree,1.0,Strongly Agree,1.0,Strongly Agree,1.0,Strongly Disagree,0.0,Strongly Agree,1.0,Disagree,0.0,Strongly Disagree,0.0,Disagree,0.0,Strongly Agree,1.0,Strongly Agree,1.0,Disagree,0.0,16,18,1.0
8799357,COSC 341 101 2020W,72450,2021-01-15 18:16:04 UTC,1,Strongly Disagree,0.0,Strongly Disagree,0.0,Strongly Disagree,0.0,Strongly Agree,1.0,Strongly Agree,1.0,Agree,0.0,Strongly Agree,1.0,Agree,0.0,Strongly Agree,1.0,Disagree,0.0,Disagree,0.0,Agree,0.0,Disagree,0.0,Strongly Disagree,0.0,Agree,0.0,Strongly Agree,1.0,Strongly Agree,1.0,Strongly Disagree,0.0,Strongly Disagree,0.0,Disagree,0.0,Strongly Disagree,0.0,Agree,0.0,Strongly Disagree,0.0,Agree,0.0,Agree,0.0,Strongly Agree,1.0,Strongly Disagree,0.0,Strongly Agree,1.0,Strongly Disagree,0.0,Strongly Disagree,0.0,Disagree,0.0,Agree,0.0,Agree,0.0,Strongly Agree,1.0,9,25,1.0
6738937,COSC 341 101 2020W,72450,2021-01-15 10:11:16 UTC,1,Strongly Disagree,0.0,Strongly Disagree,0.0,Strongly Disagree,0.0,Strongly Agree,1.0,Strongly Agree,1.0,Agree,0.0,Strongly Agree,1.0,Agree,0.0,Strongly Agree,1.0,Strongly Disagree,0.0,Strongly Disagree,0.0,Strongly Agree,1.0,Disagree,0.0,Strongly Disagree,0.0,Strongly Agree,1.0,Agree,0.0,Strongly Agree,1.0,Strongly Disagree,0.0,Strongly Disagree,0.0,Disagree,0.0,Strongly Disagree,0.0,Strongly Agree,1.0,Strongly Disagree,0.0,Strongly Agree,1.0,Agree,0.0,Strongly Agree,1.0,Disagree,0.0,Strongly Agree,1.0,Strongly Disagree,0.0,Strongly Disagree,0.0,Strongly Disagree,0.0,Strongly Agree,1.0,Agree,0.0,Agree,0.0,12,22,1.0
4376901,COSC 341 101 2020W,72450,2021-01-15 09:40:29 UTC,1,Strongly Disagree,0.0,Strongly Disagree,0.0,Strongly Disagree,0.0,Strongly Agree,1.0,Strongly Agree,1.0,Disagree,0.0,Strongly Agree,1.0,Disagree,0.0,Strongly Agree,1.0,Disagree,0.0,Disagree,0.0,Agree,0.0,Disagree,0.0,Strongly Disagree,0.0,Agree,0.0,Agree,0.0,Strongly Agree,1.0,Disagree,0.0,Strongly Disagree,0.0,Strongly Disagree,0.0,Disagree,0.0,Strongly Agree,1.0,Strongly Disagree,0.0,Agree,0.0,Agree,0.0,Strongly Agree,1.0,Strongly Disagree,0.0,Agree,0.0,Strongly Disagree,0.0,Strongly Disagree,0.0,Disagree,0.0,Strongly Agree,1.0,Strongly Agree,1.0,Agree,0.0,9,25,1.0
9744587,COSC 341 101 2020W,72450,2021-01-15 09:11:13 UTC,1,Strongly Disagree,0.0,Strongly Disagree,0.0,Strongly Disagree,0.0,Strongly Agree,1.0,Strongly Agree,1.0,Disagree,0.0,Strongly Agree,1.0,Disagree,0.0,Strongly Agree,1.0,Agree,0.0,Strongly Disagree,0.0,Strongly Agree,1.0,Agree,0.0,Strongly Disagree,0.0,Agree,0.0,Strongly Agree,1.0,Strongly Agree,1.0,Agree,0.0,Strongly Disagree,0.0,Disagree,0.0,Strongly Disagree,0.0,Agree,0.0,Strongly Disagree,0.0,Agree,0.0,Disagree,0.0,Strongly Agree,1.0,Disagree,0.0,Agree,0.0,Strongly Disagree,0.0,Strongly Disagree,0.0,Disagree,0.0,Disagree,0.0,Agree,0.0,Disagree,0.0,8,26,1.0
6457402,COSC 341 101 2020W,72450,2021-01-15 05:56:47 UTC,1,Disagree,0.0,Strongly Disagree,0.0,Disagree,0.0,Strongly Agree,1.0,Strongly Agree,1.0,Disagree,0.0,Strongly Agree,1.0,Agree,0.0,Strongly Agree,1.0,Agree,0.0,Disagree,0.0,Disagree,0.0,Disagree,0.0,Strongly Disagree,0.0,Disagree,0.0,Agree,0.0,Agree,0.0,Agree,0.0,Strongly Disagree,0.0,Agree,0.0,Disagree,0.0,Agree,0.0,Disagree,0.0,Agree,0.0,Agree,0.0,Strongly Agree,1.0,Disagree,0.0,Agree,0.0,Strongly Disagree,0.0,Strongly Disagree,0.0,Disagree,0.0,Disagree,0.0,Agree,0.0,Disagree,0.0,5,29,1.0
3360200,COSC 341 101 2020W,72450,2021-01-15 05:46:02 UTC,1,Disagree,0.0,Strongly Disagree,0.0,Strongly Disagree,0.0,Strongly Agree,1.0,Strongly Agree,1.0,Agree,0.0,Strongly Agree,1.0,Disagree,0.0,Strongly Agree,1.0,Disagree,0.0,Disagree,0.0,Agree,0.0,Strongly Disagree,0.0,Disagree,0.0,Strongly Agree,1.0,Strongly Agree,1.0,Strongly Agree,1.0,Strongly Disagree,0.0,Strongly Disagree,0.0,Strongly Disagree,0.0,Disagree,0.0,Strongly Agree,1.0,Disagree,0.0,Agree,0.0,Strongly Agree,1.0,Strongly Agree,1.0,Disagree,0.0,Strongly Agree,1.0,Strongly Disagree,0.0,Strongly Disagree,0.0,Disagree,0.0,Strongly Agree,1.0,Agree,0.0,Agree,0.0,12,22,1.0
8458599,COSC 341 101 2020W,72450,2021-01-15 04:15:32 UTC,1,Strongly Disagree,0.0,Strongly Disagree,0.0,Disagree,0.0,Strongly Agree,1.0,Strongly Agree,1.0,Agree,0.0,Strongly Agree,1.0,Agree,0.0,Strongly Agree,1.0,Disagree,0.0,Strongly Disagree,0.0,Strongly Agree,1.0,Disagree,0.0,Strongly Disagree,0.0,Strongly Agree,1.0,Agree,0.0,Strongly Agree,1.0,Strongly Disagree,0.0,Strongly Disagree,0.0,Strongly Disagree,0.0,Strongly Disagree,0.0,Strongly Agree,1.0,Strongly Disagree,0.0,Strongly Agree,1.0,Agree,0.0,Strongly Agree,1.0,Disagree,0.0,Strongly Agree,1.0,Disagree,0.0,Strongly Disagree,0.0,Disagree,0.0,Strongly Agree,1.0,Agree,0.0,Agree,0.0,12,22,1.0
3312077,COSC 341 101 2020W,72450,2021-01-15 01:16:59 UTC,1,Disagree,0.0,Disagree,0.0,Disagree,0.0,Strongly Agree,1.0,Strongly Agree,1.0,Strongly Agree,1.0,Strongly Agree,1.0,Disagree,0.0,Agree,0.0,Agree,0.0,Disagree,0.0,Agree,0.0,Disagree,0.0,Disagree,0.0,Agree,0.0,Disagree,0.0,Agree,0.0,Disagree,0.0,Disagree,0.0,Disagree,0.0,Disagree,0.0,Agree,0.0,Disagree,0.0,Agree,0.0,Agree,0.0,Agree,0.0,Agree,0.0,Agree,0.0,Disagree,0.0,Strongly Disagree,0.0,Disagree,0.0,Agree,0.0,Disagree,0.0,Agree,0.0,4,30,1.0
9837476,COSC 341 101 2020W,72450,2021-01-15 01:15:50 UTC,1,Strongly Disagree,0.0,Strongly Disagree,0.0,Strongly Disagree,0.0,Strongly Agree,1.0,Strongly Agree,1.0,Agree,0.0,Strongly Agree,1.0,Agree,0.0,Strongly Agree,1.0,Disagree,0.0,Disagree,0.0,Disagree,0.0,Agree,0.0,Strongly Disagree,0.0,Agree,0.0,Agree,0.0,Strongly Agree,1.0,Disagree,0.0,Strongly Disagree,0.0,Disagree,0.0,Disagree,0.0,Agree,0.0,Strongly Disagree,0.0,Agree,0.0,Disagree,0.0,Strongly Agree,1.0,Disagree,0.0,Strongly Agree,1.0,Strongly Disagree,0.0,Strongly Disagree,0.0,Disagree,0.0,Agree,0.0,Disagree,0.0,Strongly Disagree,0.0,7,27,1.0
9818162,COSC 341 101 2020W,72450,2021-01-14 22:24:14 UTC,1,Strongly Disagree,0.0,Strongly Disagree,0.0,Strongly Disagree,0.0,Strongly Agree,1.0,Strongly Agree,1.0,Agree,0.0,Strongly Agree,1.0,Disagree,0.0,Strongly Agree,1.0,Disagree,0.0,Disagree,0.0,Agree,0.0,Disagree,0.0,Strongly Disagree,0.0,Agree,0.0,Agree,0.0,Agree,0.0,Disagree,0.0,Strongly Disagree,0.0,Disagree,0.0,Disagree,0.0,Agree,0.0,Disagree,0.0,Agree,0.0,Agree,0.0,Strongly Agree,1.0,Disagree,0.0,Strongly Agree,1.0,Strongly Disagree,0.0,Strongly Disagree,0.0,Agree,0.0,Agree,0.0,Agree,0.0,Disagree,0.0,6,28,1.0
2767857,COSC 341 101 2020W,72450,2021-01-14 21:49:51 UTC,1,Disagree,0.0,Strongly Disagree,0.0,Strongly Disagree,0.0,Strongly Agree,1.0,Strongly Agree,1.0,Disagree,0.0,Strongly Agree,1.0,Disagree,0.0,Strongly Agree,1.0,Disagree,0.0,Disagree,0.0,Agree,0.0,Disagree,0.0,Strongly Disagree,0.0,Agree,0.0,Agree,0.0,Agree,0.0,Disagree,0.0,Strongly Disagree,0.0,Disagree,0.0,Disagree,0.0,Agree,0.0,Strongly Disagree,0.0,Agree,0.0,Agree,0.0,Strongly Agree,1.0,Disagree,0.0,Agree,0.0,Strongly Disagree,0.0,Strongly Disagree,0.0,Disagree,0.0,Agree,0.0,Agree,0.0,Agree,0.0,5,29,1.0
5813967,COSC 341 101 2020W,72450,2021-01-14 21:48:58 UTC,1,Disagree,0.0,Strongly Disagree,0.0,Strongly Disagree,0.0,Strongly Agree,1.0,Strongly Agree,1.0,Strongly Disagree,0.0,Strongly Agree,1.0,Agree,0.0,Agree,0.0,Strongly Disagree,0.0,Disagree,0.0,Agree,0.0,Disagree,0.0,Strongly Disagree,0.0,Agree,0.0,Strongly Agree,1.0,Agree,0.0,Agree,0.0,Strongly Disagree,0.0,Disagree,0.0,Disagree,0.0,Agree,0.0,Disagree,0.0,Disagree,0.0,Agree,0.0,Strongly Agree,1.0,Disagree,0.0,Agree,0.0,Strongly Disagree,0.0,Strongly Disagree,0.0,Strongly Disagree,0.0,Agree,0.0,Agree,0.0,Disagree,0.0,5,29,1.0
9306765,COSC 341 101 2020W,72450,2021-01-14 21:11:08 UTC,1,Disagree,0.0,Strongly Disagree,0.0,Disagree,0.0,Strongly Agree,1.0,Strongly Agree,1.0,Disagree,0.0,Strongly Agree,1.0,Agree,0.0,Agree,0.0,Agree,0.0,Disagree,0.0,Agree,0.0,Disagree,0.0,Strongly Disagree,0.0,Disagree,0.0,Agree,0.0,Strongly Agree,1.0,Disagree,0.0,Strongly Disagree,0.0,Disagree,0.0,Disagree,0.0,Agree,0.0,Disagree,0.0,Strongly Agree,1.0,Agree,0.0,Agree,0.0,Disagree,0.0,Disagree,0.0,Disagree,0.0,Strongly Disagree,0.0,Strongly Disagree,0.0,Agree,0.0,Agree,0.0,Disagree,0.0,5,29,1.0
9421928,COSC 341 101 2020W,72450,2021-01-14 20:35:06 UTC,1,Disagree,0.0,Strongly Disagree,0.0,Disagree,0.0,Strongly Agree,1.0,Strongly Agree,1.0,Disagree,0.0,Strongly Agree,1.0,Agree,0.0,Strongly Agree,1.0,Agree,0.0,Strongly Disagree,0.0,Agree,0.0,Disagree,0.0,Strongly Disagree,0.0,Agree,0.0,Agree,0.0,Strongly Agree,1.0,Disagree,0.0,Strongly Disagree,0.0,Strongly Disagree,0.0,Disagree,0.0,Agree,0.0,Disagree,0.0,Strongly Agree,1.0,Agree,0.0,Strongly Agree,1.0,Disagree,0.0,Agree,0.0,Strongly Disagree,0.0,Strongly Disagree,0.0,Disagree,0.0,Agree,0.0,Agree,0.0,Agree,0.0,7,27,1.0
8012852,COSC 341 101 2020W,72450,2021-01-14 19:58:25 UTC,1,Strongly Disagree,0.0,Disagree,0.0,Strongly Disagree,0.0,Strongly Agree,1.0,Strongly Agree,1.0,Strongly Disagree,0.0,Strongly Agree,1.0,Disagree,0.0,Strongly Agree,1.0,Disagree,0.0,Agree,0.0,Disagree,0.0,Agree,0.0,Agree,0.0,Agree,0.0,Strongly Agree,1.0,Strongly Agree,1.0,Disagree,0.0,Strongly Disagree,0.0,Disagree,0.0,Strongly Disagree,0.0,Agree,0.0,Strongly Disagree,0.0,Agree,0.0,Disagree,0.0,Agree,0.0,Disagree,0.0,Strongly Agree,1.0,Disagree,0.0,Strongly Disagree,0.0,Disagree,0.0,Agree,0.0,Agree,0.0,Strongly Disagree,0.0,7,27,1.0
7680659,COSC 341 101 2020W,72450,2021-01-14 19:54:11 UTC,1,Disagree,0.0,Strongly Disagree,0.0,Strongly Disagree,0.0,Strongly Agree,1.0,Strongly Agree,1.0,Agree,0.0,Strongly Agree,1.0,Agree,0.0,Agree,0.0,Disagree,0.0,Disagree,0.0,Strongly Agree,1.0,Disagree,0.0,Disagree,0.0,Agree,0.0,Agree,0.0,Strongly Agree,1.0,Disagree,0.0,Strongly Disagree,0.0,Disagree,0.0,Disagree,0.0,Strongly Agree,1.0,Strongly Disagree,0.0,Strongly Agree,1.0,Agree,0.0,Strongly Agree,1.0,Disagree,0.0,Strongly Agree,1.0,Disagree,0.0,Strongly Disagree,0.0,Disagree,0.0,Strongly Agree,1.0,Strongly Agree,1.0,Agree,0.0,11,23,1.0
9176657,COSC 341 101 2020W,72450,2021-01-14 18:57:35 UTC,1,Strongly Disagree,0.0,Strongly Disagree,0.0,Strongly Disagree,0.0,Strongly Agree,1.0,Strongly Agree,1.0,Disagree,0.0,Strongly Agree,1.0,Agree,0.0,Agree,0.0,Strongly Disagree,0.0,Strongly Disagree,0.0,Strongly Agree,1.0,Disagree,0.0,Strongly Disagree,0.0,Strongly Agree,1.0,Strongly Agree,1.0,Strongly Agree,1.0,Strongly Disagree,0.0,Strongly Disagree,0.0,Disagree,0.0,Strongly Disagree,0.0,Strongly Agree,1.0,Strongly Disagree,0.0,Strongly Agree,1.0,Strongly Agree,1.0,Strongly Agree,1.0,Strongly Disagree,0.0,Strongly Agree,1.0,Strongly Disagree,0.0,Strongly Disagree,0.0,Agree,0.0,Strongly Agree,1.0,Agree,0.0,Disagree,0.0,13,21,1.0
3962285,COSC 341 101 2020W,72450,2021-01-14 18:30:38 UTC,1,Disagree,0.0,Strongly Disagree,0.0,Disagree,0.0,Strongly Agree,1.0,Strongly Agree,1.0,Disagree,0.0,Strongly Agree,1.0,Disagree,0.0,Agree,0.0,Disagree,0.0,Disagree,0.0,Agree,0.0,Disagree,0.0,Strongly Disagree,0.0,Agree,0.0,Agree,0.0,Strongly Agree,1.0,Disagree,0.0,Strongly Disagree,0.0,Disagree,0.0,Strongly Disagree,0.0,Agree,0.0,Disagree,0.0,Strongly Agree,1.0,Agree,0.0,Agree,0.0,Disagree,0.0,Disagree,0.0,Strongly Disagree,0.0,Strongly Disagree,0.0,Disagree,0.0,Agree,0.0,Agree,0.0,Agree,0.0,5,29,1.0
6171724,COSC 341 101 2020W,72450,2021-01-14 10:15:57 UTC,1,Strongly Disagree,0.0,Disagree,0.0,Strongly Disagree,0.0,Strongly Agree,1.0,Strongly Agree,1.0,Agree,0.0,Agree,0.0,Disagree,0.0,Strongly Agree,1.0,Agree,0.0,Disagree,0.0,Disagree,0.0,Disagree,0.0,Disagree,0.0,Agree,0.0,Agree,0.0,Strongly Agree,1.0,Disagree,0.0,Disagree,0.0,Strongly Disagree,0.0,Strongly Disagree,0.0,Agree,0.0,Strongly Disagree,0.0,Agree,0.0,Agree,0.0,Strongly Agree,1.0,Disagree,0.0,Strongly Agree,1.0,Strongly Disagree,0.0,Strongly Disagree,0.0,Agree,0.0,Disagree,0.0,Disagree,0.0,Agree,0.0,6,28,1.0
3704966,COSC 341 101 2020W,72450,2021-01-14 04:48:06 UTC,1,Disagree,0.0,Strongly Disagree,0.0,Disagree,0.0,Strongly Agree,1.0,Strongly Agree,1.0,Agree,0.0,Strongly Agree,1.0,Disagree,0.0,Strongly Agree,1.0,Agree,0.0,Disagree,0.0,Agree,0.0,Disagree,0.0,Strongly Disagree,0.0,Agree,0.0,Agree,0.0,Agree,0.0,Disagree,0.0,Strongly Disagree,0.0,Disagree,0.0,Disagree,0.0,Strongly Agree,1.0,Disagree,0.0,Agree,0.0,Agree,0.0,Strongly Agree,1.0,Strongly Disagree,0.0,Agree,0.0,Disagree,0.0,Strongly Disagree,0.0,Disagree,0.0,Agree,0.0,Agree,0.0,Agree,0.0,6,28,1.0
2272326,COSC 341 101 2020W,72450,2021-01-14 04:46:11 UTC,1,Strongly Disagree,0.0,Strongly Disagree,0.0,Strongly Disagree,0.0,Strongly Agree,1.0,Strongly Agree,1.0,Disagree,0.0,Strongly Agree,1.0,Strongly Agree,1.0,Strongly Agree,1.0,Strongly Disagree,0.0,Strongly Disagree,0.0,Strongly Agree,1.0,Strongly Disagree,0.0,Strongly Disagree,0.0,Strongly Agree,1.0,Strongly Agree,1.0,Strongly Agree,1.0,Strongly Disagree,0.0,Strongly Disagree,0.0,Strongly Disagree,0.0,Strongly Disagree,0.0,Strongly Agree,1.0,Disagree,0.0,Strongly Agree,1.0,Strongly Agree,1.0,Strongly Agree,1.0,Strongly Disagree,0.0,Agree,0.0,Strongly Disagree,0.0,Strongly Disagree,0.0,Agree,0.0,Strongly Agree,1.0,Strongly Agree,1.0,Agree,0.0,15,19,1.0
3005552,COSC 341 101 2020W,72450,2021-01-14 04:32:38 UTC,1,Strongly Disagree,0.0,Disagree,0.0,Disagree,0.0,Strongly Agree,1.0,Strongly Agree,1.0,Disagree,0.0,Strongly Agree,1.0,Disagree,0.0,Strongly Agree,1.0,Disagree,0.0,Disagree,0.0,Agree,0.0,Disagree,0.0,Disagree,0.0,Agree,0.0,Agree,0.0,Agree,0.0,Disagree,0.0,Strongly Disagree,0.0,Disagree,0.0,Disagree,0.0,Strongly Agree,1.0,Disagree,0.0,Agree,0.0,Agree,0.0,Strongly Agree,1.0,Disagree,0.0,Strongly Agree,1.0,Strongly Disagree,0.0,Strongly Disagree,0.0,Disagree,0.0,Agree,0.0,Agree,0.0,Disagree,0.0,7,27,1.0
5123916,COSC 341 101 2020W,72450,2021-01-14 04:17:43 UTC,1,Disagree,0.0,Strongly Disagree,0.0,Disagree,0.0,Strongly Agree,1.0,Strongly Agree,1.0,Agree,0.0,Strongly Agree,1.0,Strongly Disagree,0.0,Agree,0.0,Disagree,0.0,Disagree,0.0,Agree,0.0,Disagree,0.0,Strongly Disagree,0.0,Agree,0.0,Agree,0.0,Agree,0.0,Disagree,0.0,Strongly Disagree,0.0,Strongly Disagree,0.0,Disagree,0.0,Strongly Agree,1.0,Disagree,0.0,Agree,0.0,Agree,0.0,Strongly Agree,1.0,Disagree,0.0,Agree,0.0,Strongly Disagree,0.0,Strongly Disagree,0.0,Agree,0.0,Agree,0.0,Strongly Agree,1.0,Disagree,0.0,6,28,1.0
3243282,COSC 341 101 2020W,72450,2021-01-14 02:11:16 UTC,1,Strongly Disagree,0.0,Strongly Disagree,0.0,Strongly Disagree,0.0,Strongly Agree,1.0,Strongly Agree,1.0,Agree,0.0,Strongly Agree,1.0,Disagree,0.0,Strongly Agree,1.0,Disagree,0.0,Disagree,0.0,Agree,0.0,Disagree,0.0,Strongly Disagree,0.0,Agree,0.0,Agree,0.0,Agree,0.0,Disagree,0.0,Strongly Disagree,0.0,Disagree,0.0,Agree,0.0,Strongly Agree,1.0,Disagree,0.0,Agree,0.0,Agree,0.0,Strongly Agree,1.0,Disagree,0.0,Agree,0.0,Strongly Disagree,0.0,Strongly Disagree,0.0,Agree,0.0,Strongly Agree,1.0,Agree,0.0,Disagree,0.0,7,27,1.0
5865576,COSC 341 101 2020W,72450,2021-01-14 00:42:57 UTC,1,Disagree,0.0,Strongly Disagree,0.0,Disagree,0.0,Strongly Agree,1.0,Strongly Agree,1.0,Disagree,0.0,Strongly Agree,1.0,Agree,0.0,Agree,0.0,Agree,0.0,Disagree,0.0,Agree,0.0,Disagree,0.0,Disagree,0.0,Agree,0.0,Agree,0.0,Agree,0.0,Disagree,0.0,Strongly Disagree,0.0,Disagree,0.0,Disagree,0.0,Strongly Agree,1.0,Disagree,0.0,Agree,0.0,Agree,0.0,Strongly Agree,1.0,Disagree,0.0,Agree,0.0,Strongly Disagree,0.0,Strongly Disagree,0.0,Disagree,0.0,Agree,0.0,Agree,0.0,Disagree,0.0,5,29,1.0
3209321,COSC 341 101 2020W,72450,2021-01-13 23:03:36 UTC,1,Strongly Disagree,0.0,Strongly Disagree,0.0,Strongly Disagree,0.0,Strongly Agree,1.0,Strongly Agree,1.0,Disagree,0.0,Strongly Agree,1.0,Strongly Agree,1.0,Strongly Agree,1.0,Strongly Disagree,0.0,Disagree,0.0,Strongly Agree,1.0,Strongly Disagree,0.0,Strongly Disagree,0.0,Strongly Agree,1.0,Strongly Agree,1.0,Strongly Agree,1.0,Strongly Disagree,0.0,Strongly Disagree,0.0,Strongly Disagree,0.0,Strongly Disagree,0.0,Strongly Agree,1.0,Strongly Disagree,0.0,Strongly Agree,1.0,Strongly Agree,1.0,Strongly Agree,1.0,Strongly Disagree,0.0,Strongly Agree,1.0,Strongly Disagree,0.0,Strongly Disagree,0.0,Strongly Agree,1.0,Strongly Agree,1.0,Strongly Disagree,0.0,Agree,0.0,16,18,1.0
9891351,COSC 341 101 2020W,72450,2021-01-13 22:53:22 UTC,1,Disagree,0.0,Disagree,0.0,Disagree,0.0,Strongly Agree,1.0,Strongly Agree,1.0,Disagree,0.0,Strongly Agree,1.0,Disagree,0.0,Agree,0.0,Disagree,0.0,Disagree,0.0,Disagree,0.0,Disagree,0.0,Disagree,0.0,Agree,0.0,Agree,0.0,Agree,0.0,Disagree,0.0,Strongly Disagree,0.0,Disagree,0.0,Disagree,0.0,Agree,0.0,Disagree,0.0,Agree,0.0,Disagree,0.0,Agree,0.0,Disagree,0.0,Agree,0.0,Strongly Disagree,0.0,Strongly Disagree,0.0,Disagree,0.0,Agree,0.0,Agree,0.0,Disagree,0.0,3,31,1.0
6135450,COSC 341 101 2020W,72450,2021-01-13 22:52:56 UTC,1,Strongly Disagree,0.0,Disagree,0.0,Disagree,0.0,Strongly Agree,1.0,Strongly Agree,1.0,Disagree,0.0,Strongly Agree,1.0,Disagree,0.0,Agree,0.0,Disagree,0.0,Disagree,0.0,Agree,0.0,Strongly Disagree,0.0,Disagree,0.0,Agree,0.0,Agree,0.0,Agree,0.0,Disagree,0.0,Strongly Disagree,0.0,Disagree,0.0,Disagree,0.0,Strongly Agree,1.0,Disagree,0.0,Strongly Agree,1.0,Agree,0.0,Strongly Agree,1.0,Disagree,0.0,Strongly Agree,1.0,Strongly Disagree,0.0,Strongly Disagree,0.0,Agree,0.0,Agree,0.0,Strongly Agree,1.0,Disagree,0.0,8,26,1.0
5441260,COSC 341 101 2020W,72450,2021-01-13 22:50:56 UTC,1,Disagree,0.0,Disagree,0.0,Strongly Disagree,0.0,Strongly Agree,1.0,Strongly Agree,1.0,Disagree,0.0,Agree,0.0,Disagree,0.0,Agree,0.0,Agree,0.0,Disagree,0.0,Agree,0.0,Disagree,0.0,Disagree,0.0,Agree,0.0,Agree,0.0,Strongly Agree,1.0,Disagree,0.0,Strongly Disagree,0.0,Disagree,0.0,Disagree,0.0,Strongly Agree,1.0,Disagree,0.0,Agree,0.0,Agree,0.0,Strongly Agree,1.0,Agree,0.0,Strongly Agree,1.0,Disagree,0.0,Disagree,0.0,Disagree,0.0,Agree,0.0,Agree,0.0,Disagree,0.0,6,28,1.0
7098325,COSC 341 101 2020W,72450,2021-01-13 21:45:33 UTC,1,Strongly Disagree,0.0,Strongly Disagree,0.0,Agree,0.0,Strongly Agree,1.0,Strongly Agree,1.0,Strongly Disagree,0.0,Strongly Agree,1.0,Strongly Agree,1.0,Strongly Agree,1.0,Disagree,0.0,Disagree,0.0,Strongly Agree,1.0,Strongly Disagree,0.0,Disagree,0.0,Agree,0.0,Strongly Agree,1.0,Strongly Agree,1.0,Strongly Disagree,0.0,Strongly Disagree,0.0,Strongly Disagree,0.0,Disagree,0.0,Strongly Agree,1.0,Strongly Disagree,0.0,Agree,0.0,Strongly Agree,1.0,Agree,0.0,Strongly Disagree,0.0,Strongly Disagree,0.0,Strongly Disagree,0.0,Strongly Disagree,0.0,Disagree,0.0,Agree,0.0,Strongly Agree,1.0,Agree,0.0,11,23,1.0
2336688,COSC 341 101 2020W,72450,2021-01-13 20:53:08 UTC,1,Strongly Disagree,0.0,Strongly Disagree,0.0,Disagree,0.0,Strongly Agree,1.0,Strongly Agree,1.0,Disagree,0.0,Strongly Agree,1.0,Agree,0.0,Agree,0.0,Disagree,0.0,Disagree,0.0,Agree,0.0,Agree,0.0,Strongly Disagree,0.0,Agree,0.0,Agree,0.0,Strongly Agree,1.0,Strongly Disagree,0.0,Strongly Disagree,0.0,Disagree,0.0,Disagree,0.0,Strongly Agree,1.0,Disagree,0.0,Strongly Agree,1.0,Agree,0.0,Strongly Agree,1.0,Disagree,0.0,Disagree,0.0,Strongly Disagree,0.0,Strongly Disagree,0.0,Strongly Disagree,0.0,Agree,0.0,Strongly Agree,1.0,Disagree,0.0,8,26,1.0
3068218,COSC 341 101 2020W,72450,2021-01-13 20:45:26 UTC,1,Disagree,0.0,Strongly Disagree,0.0,Strongly Disagree,0.0,Strongly Agree,1.0,Strongly Agree,1.0,Disagree,0.0,Strongly Agree,1.0,Agree,0.0,Agree,0.0,Disagree,0.0,Disagree,0.0,Strongly Agree,1.0,Strongly Disagree,0.0,Strongly Disagree,0.0,Agree,0.0,Strongly Agree,1.0,Strongly Agree,1.0,Disagree,0.0,Strongly Disagree,0.0,Strongly Disagree,0.0,Disagree,0.0,Strongly Agree,1.0,Disagree,0.0,Strongly Agree,1.0,Strongly Agree,1.0,Strongly Agree,1.0,Disagree,0.0,Agree,0.0,Strongly Disagree,0.0,Strongly Disagree,0.0,Agree,0.0,Strongly Agree,1.0,Strongly Agree,1.0,Agree,0.0,12,22,1.0
8733315,COSC 341 101 2020W,72450,2021-01-13 20:32:50 UTC,1,Disagree,0.0,Strongly Disagree,0.0,Disagree,0.0,Strongly Agree,1.0,Agree,0.0,Agree,0.0,Strongly Agree,1.0,Agree,0.0,Agree,0.0,Disagree,0.0,Disagree,0.0,Agree,0.0,Strongly Disagree,0.0,Strongly Disagree,0.0,Agree,0.0,Agree,0.0,Strongly Agree,1.0,Strongly Disagree,0.0,Strongly Disagree,0.0,Strongly Disagree,0.0,Disagree,0.0,Strongly Agree,1.0,Strongly Disagree,0.0,Strongly Agree,1.0,Strongly Agree,1.0,Strongly Agree,1.0,Disagree,0.0,Agree,0.0,Strongly Disagree,0.0,Strongly Disagree,0.0,Agree,0.0,Agree,0.0,Agree,0.0,Disagree,0.0,7,27,1.0
1607194,COSC 341 101 2020W,72450,2021-01-13 20:27:48 UTC,1,Strongly Disagree,0.0,Strongly Disagree,0.0,Disagree,0.0,Strongly Agree,1.0,Strongly Agree,1.0,Disagree,0.0,Strongly Agree,1.0,Disagree,0.0,Strongly Agree,1.0,Agree,0.0,Disagree,0.0,Agree,0.0,Disagree,0.0,Disagree,0.0,Agree,0.0,Agree,0.0,Agree,0.0,Disagree,0.0,Disagree,0.0,Strongly Disagree,0.0,Disagree,0.0,Strongly Agree,1.0,Disagree,0.0,Strongly Agree,1.0,Agree,0.0,Strongly Agree,1.0,Disagree,0.0,Agree,0.0,Disagree,0.0,Strongly Disagree,0.0,Disagree,0.0,Agree,0.0,Agree,0.0,Agree,0.0,7,27,1.0
3777033,COSC 341 101 2020W,72450,2021-01-13 20:26:52 UTC,1,Strongly Disagree,0.0,Disagree,0.0,Strongly Disagree,0.0,Agree,0.0,Strongly Agree,1.0,Strongly Disagree,0.0,Strongly Agree,1.0,Agree,0.0,Strongly Agree,1.0,Disagree,0.0,Strongly Disagree,0.0,Strongly Agree,1.0,Disagree,0.0,Disagree,0.0,Strongly Agree,1.0,Agree,0.0,Strongly Agree,1.0,Strongly Disagree,0.0,Disagree,0.0,Strongly Disagree,0.0,Strongly Disagree,0.0,Strongly Agree,1.0,Disagree,0.0,Strongly Agree,1.0,Strongly Agree,1.0,Agree,0.0,Strongly Disagree,0.0,Strongly Agree,1.0,Disagree,0.0,Strongly Disagree,0.0,Disagree,0.0,Strongly Agree,1.0,Strongly Agree,1.0,Disagree,0.0,12,22,1.0
7624796,COSC 341 101 2020W,72450,2021-01-13 20:20:25 UTC,1,Strongly Disagree,0.0,Disagree,0.0,Strongly Agree,1.0,Strongly Agree,1.0,Strongly Agree,1.0,Agree,0.0,Strongly Agree,1.0,Strongly Agree,1.0,Strongly Agree,1.0,Disagree,0.0,Strongly Disagree,0.0,Strongly Agree,1.0,Strongly Disagree,0.0,Disagree,0.0,Strongly Agree,1.0,Strongly Disagree,0.0,Strongly Agree,1.0,Agree,0.0,Disagree,0.0,Strongly Disagree,0.0,Disagree,0.0,Strongly Agree,1.0,Strongly Disagree,0.0,Strongly Agree,1.0,Strongly Agree,1.0,Strongly Agree,1.0,Strongly Disagree,0.0,Agree,0.0,Strongly Disagree,0.0,Strongly Disagree,0.0,Disagree,0.0,Disagree,0.0,Strongly Agree,1.0,Strongly Agree,1.0,15,19,1.0
8718613,COSC 341 101 2020W,72450,2021-01-13 20:06:03 UTC,1,Disagree,0.0,Strongly Disagree,0.0,Strongly Disagree,0.0,Strongly Agree,1.0,Strongly Agree,1.0,Disagree,0.0,Strongly Agree,1.0,Agree,0.0,Strongly Agree,1.0,Agree,0.0,Disagree,0.0,Agree,0.0,Strongly Agree,1.0,Strongly Disagree,0.0,Agree,0.0,Strongly Agree,1.0,Strongly Agree,1.0,Disagree,0.0,Strongly Disagree,0.0,Strongly Disagree,0.0,Agree,0.0,Strongly Disagree,0.0,Strongly Disagree,0.0,Strongly Agree,1.0,Strongly Agree,1.0,Strongly Agree,1.0,Strongly Disagree,0.0,Strongly Disagree,0.0,Strongly Disagree,0.0,Strongly Disagree,0.0,Disagree,0.0,Strongly Agree,1.0,Strongly Agree,1.0,Agree,0.0,12,22,1.0
2740813,COSC 341 101 2020W,72450,2021-01-13 19:56:35 UTC,1,Disagree,0.0,Disagree,0.0,Disagree,0.0,Agree,0.0,Agree,0.0,Agree,0.0,Agree,0.0,Agree,0.0,Agree,0.0,Disagree,0.0,Disagree,0.0,Agree,0.0,Disagree,0.0,Disagree,0.0,Agree,0.0,Agree,0.0,Agree,0.0,Disagree,0.0,Agree,0.0,Strongly Disagree,0.0,Agree,0.0,Agree,0.0,Disagree,0.0,Agree,0.0,Agree,0.0,Agree,0.0,Disagree,0.0,Agree,0.0,Disagree,0.0,Strongly Disagree,0.0,Agree,0.0,Agree,0.0,Agree,0.0,Disagree,0.0,0,34,1.0
1468005,COSC 341 101 2020W,72450,2021-01-13 19:46:19 UTC,1,Disagree,0.0,Strongly Disagree,0.0,Strongly Disagree,0.0,Strongly Agree,1.0,Strongly Agree,1.0,Disagree,0.0,Strongly Agree,1.0,Agree,0.0,Strongly Agree,1.0,Disagree,0.0,Disagree,0.0,Strongly Agree,1.0,Disagree,0.0,Strongly Disagree,0.0,Agree,0.0,Disagree,0.0,Strongly Agree,1.0,Strongly Disagree,0.0,Strongly Disagree,0.0,Strongly Disagree,0.0,Strongly Disagree,0.0,Strongly Agree,1.0,Strongly Disagree,0.0,Strongly Agree,1.0,Agree,0.0,Agree,0.0,Strongly Disagree,0.0,Agree,0.0,Strongly Disagree,0.0,Strongly Disagree,0.0,Agree,0.0,Strongly Agree,1.0,Strongly Agree,1.0,Disagree,0.0,10,24,1.0
3417203,COSC 341 101 2020W,72450,2021-01-13 19:23:09 UTC,1,Disagree,0.0,Strongly Disagree,0.0,Strongly Disagree,0.0,Strongly Agree,1.0,Strongly Agree,1.0,Disagree,0.0,Strongly Agree,1.0,Disagree,0.0,Agree,0.0,Disagree,0.0,Disagree,0.0,Agree,0.0,Disagree,0.0,Strongly Disagree,0.0,Agree,0.0,Agree,0.0,Agree,0.0,Disagree,0.0,Strongly Disagree,0.0,Disagree,0.0,Disagree,0.0,Agree,0.0,Disagree,0.0,Strongly Agree,1.0,Agree,0.0,Strongly Agree,1.0,Disagree,0.0,Agree,0.0,Strongly Disagree,0.0,Strongly Disagree,0.0,Disagree,0.0,Agree,0.0,Agree,0.0,Disagree,0.0,5,29,1.0
8692236,COSC 341 101 2020W,72450,2021-01-13 18:51:01 UTC,1,Disagree,0.0,Disagree,0.0,Disagree,0.0,Strongly Agree,1.0,Strongly Agree,1.0,Disagree,0.0,Strongly Agree,1.0,Agree,0.0,Agree,0.0,Disagree,0.0,Disagree,0.0,Agree,0.0,Disagree,0.0,Disagree,0.0,Agree,0.0,Agree,0.0,Agree,0.0,Disagree,0.0,Strongly Disagree,0.0,Disagree,0.0,Disagree,0.0,Agree,0.0,Agree,0.0,Agree,0.0,Agree,0.0,Strongly Agree,1.0,Disagree,0.0,Disagree,0.0,Disagree,0.0,Strongly Disagree,0.0,Disagree,0.0,Agree,0.0,Agree,0.0,Disagree,0.0,4,30,1.0
9152350,COSC 341 101 2020W,72450,2021-01-13 18:47:34 UTC,1,Disagree,0.0,Disagree,0.0,Disagree,0.0,Agree,0.0,Agree,0.0,Disagree,0.0,Agree,0.0,Agree,0.0,Agree,0.0,Disagree,0.0,Disagree,0.0,Agree,0.0,Disagree,0.0,Disagree,0.0,Agree,0.0,Agree,0.0,Agree,0.0,Disagree,0.0,Disagree,0.0,Disagree,0.0,Disagree,0.0,Agree,0.0,Disagree,0.0,Agree,0.0,Agree,0.0,Agree,0.0,Disagree,0.0,Agree,0.0,Disagree,0.0,Disagree,0.0,Disagree,0.0,Agree,0.0,Agree,0.0,Disagree,0.0,0,34,1.0
2409463,COSC 341 101 2020W,72450,2021-01-13 18:35:05 UTC,1,Agree,0.0,Strongly Disagree,0.0,Disagree,0.0,Strongly Agree,1.0,Strongly Agree,1.0,Disagree,0.0,Strongly Agree,1.0,Agree,0.0,Agree,0.0,Agree,0.0,Disagree,0.0,Agree,0.0,Disagree,0.0,Strongly Disagree,0.0,Agree,0.0,Agree,0.0,Agree,0.0,Disagree,0.0,Strongly Disagree,0.0,Strongly Disagree,0.0,Disagree,0.0,Agree,0.0,Disagree,0.0,Agree,0.0,Agree,0.0,Strongly Agree,1.0,Disagree,0.0,Agree,0.0,Disagree,0.0,Strongly Disagree,0.0,Disagree,0.0,Agree,0.0,Agree,0.0,Agree,0.0,4,30,1.0
6851949,COSC 341 101 2020W,72450,2021-01-13 18:12:25 UTC,1,Strongly Disagree,0.0,Strongly Disagree,0.0,Disagree,0.0,Strongly Agree,1.0,Strongly Agree,1.0,Disagree,0.0,Strongly Agree,1.0,Disagree,0.0,Strongly Agree,1.0,Disagree,0.0,Strongly Disagree,0.0,Agree,0.0,Strongly Disagree,0.0,Strongly Disagree,0.0,Strongly Agree,1.0,Agree,0.0,Strongly Agree,1.0,Strongly Disagree,0.0,Strongly Disagree,0.0,Strongly Disagree,0.0,Strongly Disagree,0.0,Strongly Agree,1.0,Disagree,0.0,Strongly Agree,1.0,Strongly Agree,1.0,Strongly Agree,1.0,Disagree,0.0,Strongly Agree,1.0,Strongly Disagree,0.0,Strongly Disagree,0.0,Disagree,0.0,Strongly Agree,1.0,Strongly Agree,1.0,Disagree,0.0,13,21,1.0
2447318,COSC 341 101 2020W,72450,2021-01-13 17:54:49 UTC,1,Disagree,0.0,Strongly Disagree,0.0,Disagree,0.0,Strongly Agree,1.0,Strongly Agree,1.0,Agree,0.0,Strongly Agree,1.0,Strongly Disagree,0.0,Strongly Agree,1.0,Agree,0.0,Disagree,0.0,Disagree,0.0,Disagree,0.0,Strongly Disagree,0.0,Agree,0.0,Disagree,0.0,Strongly Agree,1.0,Disagree,0.0,Strongly Disagree,0.0,Disagree,0.0,Disagree,0.0,Agree,0.0,Strongly Disagree,0.0,Agree,0.0,Agree,0.0,Strongly Agree,1.0,Disagree,0.0,Strongly Agree,1.0,Strongly Disagree,0.0,Strongly Disagree,0.0,Strongly Disagree,0.0,Agree,0.0,Disagree,0.0,Disagree,0.0,7,27,1.0
8235486,COSC 341 101 2020W,72450,2021-01-13 17:47:04 UTC,1,Disagree,0.0,Disagree,0.0,Disagree,0.0,Strongly Agree,1.0,Strongly Agree,1.0,Agree,0.0,Strongly Agree,1.0,Disagree,0.0,Agree,0.0,Disagree,0.0,Disagree,0.0,Agree,0.0,Disagree,0.0,Disagree,0.0,Agree,0.0,Agree,0.0,Agree,0.0,Disagree,0.0,Strongly Disagree,0.0,Disagree,0.0,Disagree,0.0,Agree,0.0,Disagree,0.0,Agree,0.0,Agree,0.0,Strongly Agree,1.0,Disagree,0.0,Agree,0.0,Disagree,0.0,Strongly Disagree,0.0,Agree,0.0,Agree,0.0,Agree,0.0,Strongly Agree,1.0,5,29,1.0
4427100,COSC 341 101 2020W,72450,2021-01-13 17:03:08 UTC,1,Disagree,0.0,Strongly Disagree,0.0,Strongly Disagree,0.0,Strongly Agree,1.0,Strongly Agree,1.0,Strongly Disagree,0.0,Strongly Agree,1.0,Strongly Disagree,0.0,Strongly Agree,1.0,Strongly Disagree,0.0,Strongly Disagree,0.0,Strongly Agree,1.0,Disagree,0.0,Strongly Disagree,0.0,Strongly Agree,1.0,Agree,0.0,Agree,0.0,Disagree,0.0,Strongly Disagree,0.0,Strongly Disagree,0.0,Strongly Agree,1.0,Strongly Agree,1.0,Disagree,0.0,Strongly Agree,1.0,Strongly Agree,1.0,Agree,0.0,Strongly Disagree,0.0,Agree,0.0,Strongly Disagree,0.0,Strongly Disagree,0.0,Disagree,0.0,Strongly Agree,1.0,Strongly Agree,1.0,Disagree,0.0,12,22,1.0
1584309,COSC 541 101 2020W,74324,2021-01-13 16:30:23 UTC,1,Strongly Disagree,0.0,Strongly Disagree,0.0,Strongly Disagree,0.0,Strongly Agree,1.0,Strongly Agree,1.0,Agree,0.0,Strongly Agree,1.0,Strongly Agree,1.0,Strongly Agree,1.0,Disagree,0.0,Strongly Disagree,0.0,Strongly Agree,1.0,Strongly Disagree,0.0,Strongly Disagree,0.0,Strongly Agree,1.0,Strongly Agree,1.0,Strongly Agree,1.0,Strongly Disagree,0.0,Strongly Disagree,0.0,Strongly Disagree,0.0,Strongly Disagree,0.0,Strongly Agree,1.0,Strongly Disagree,0.0,Strongly Agree,1.0,Strongly Agree,1.0,Strongly Agree,1.0,Strongly Disagree,0.0,Strongly Agree,1.0,Strongly Disagree,0.0,Strongly Disagree,0.0,Strongly Agree,1.0,Strongly Agree,1.0,Strongly Agree,1.0,Strongly Agree,1.0,18,16,1.0
7851177,COSC 341 101 2020W,72450,2021-01-13 15:59:41 UTC,1,Strongly Disagree,0.0,Strongly Disagree,0.0,Strongly Disagree,0.0,Strongly Agree,1.0,Strongly Agree,1.0,Strongly Agree,1.0,Strongly Agree,1.0,Agree,0.0,Strongly Agree,1.0,Agree,0.0,Disagree,0.0,Disagree,0.0,Disagree,0.0,Strongly Disagree,0.0,Agree,0.0,Strongly Agree,1.0,Strongly Agree,1.0,Disagree,0.0,Strongly Disagree,0.0,Disagree,0.0,Disagree,0.0,Strongly Agree,1.0,Strongly Disagree,0.0,Agree,0.0,Agree,0.0,Strongly Agree,1.0,Disagree,0.0,Strongly Agree,1.0,Strongly Disagree,0.0,Strongly Disagree,0.0,Disagree,0.0,Strongly Agree,1.0,Agree,0.0,Strongly Agree,1.0,12,22,1.0
4186751,COSC 341 101 2020W,72450,2021-01-13 12:20:16 UTC,1,Strongly Disagree,0.0,Strongly Disagree,0.0,Disagree,0.0,Strongly Agree,1.0,Strongly Agree,1.0,Disagree,0.0,Strongly Agree,1.0,Disagree,0.0,Strongly Agree,1.0,Disagree,0.0,Strongly Disagree,0.0,Strongly Agree,1.0,Disagree,0.0,Strongly Disagree,0.0,Agree,0.0,Agree,0.0,Strongly Agree,1.0,Strongly Disagree,0.0,Strongly Disagree,0.0,Strongly Disagree,0.0,Disagree,0.0,Strongly Agree,1.0,Strongly Disagree,0.0,Agree,0.0,Agree,0.0,Strongly Agree,1.0,Disagree,0.0,Agree,0.0,Strongly Disagree,0.0,Strongly Disagree,0.0,Disagree,0.0,Strongly Agree,1.0,Agree,0.0,Agree,0.0,9,25,1.0
9066340,COSC 341 101 2020W,72450,2021-01-13 11:07:01 UTC,1,Disagree,0.0,Strongly Disagree,0.0,Disagree,0.0,Strongly Agree,1.0,Strongly Agree,1.0,Agree,0.0,Strongly Agree,1.0,Disagree,0.0,Agree,0.0,Agree,0.0,Disagree,0.0,Agree,0.0,Disagree,0.0,Strongly Disagree,0.0,Agree,0.0,Disagree,0.0,Agree,0.0,Disagree,0.0,Strongly Disagree,0.0,Disagree,0.0,Disagree,0.0,Agree,0.0,Disagree,0.0,Agree,0.0,Agree,0.0,Strongly Agree,1.0,Disagree,0.0,Strongly Agree,1.0,Strongly Disagree,0.0,Strongly Disagree,0.0,Disagree,0.0,Agree,0.0,Agree,0.0,Strongly Agree,1.0,6,28,1.0
9401179,COSC 341 101 2020W,72450,2021-01-13 11:02:40 UTC,1,Strongly Disagree,0.0,Strongly Disagree,0.0,Strongly Disagree,0.0,Strongly Agree,1.0,Strongly Agree,1.0,Disagree,0.0,Strongly Agree,1.0,Agree,0.0,Strongly Agree,1.0,Agree,0.0,Agree,0.0,Disagree,0.0,Agree,0.0,Strongly Disagree,0.0,Disagree,0.0,Agree,0.0,Strongly Agree,1.0,Agree,0.0,Strongly Disagree,0.0,Strongly Agree,1.0,Agree,0.0,Disagree,0.0,Strongly Disagree,0.0,Agree,0.0,Disagree,0.0,Strongly Agree,1.0,Agree,0.0,Disagree,0.0,Disagree,0.0,Strongly Disagree,0.0,Agree,0.0,Disagree,0.0,Agree,0.0,Disagree,0.0,7,27,1.0
1304297,COSC 341 101 2020W,72450,2021-01-13 10:24:49 UTC,1,Strongly Disagree,0.0,Strongly Disagree,0.0,Strongly Disagree,0.0,Strongly Agree,1.0,Strongly Agree,1.0,Agree,0.0,Strongly Agree,1.0,Strongly Disagree,0.0,Strongly Agree,1.0,Agree,0.0,Disagree,0.0,Agree,0.0,Agree,0.0,Strongly Disagree,0.0,Strongly Agree,1.0,Agree,0.0,Agree,0.0,Disagree,0.0,Strongly Disagree,0.0,Disagree,0.0,Strongly Disagree,0.0,Agree,0.0,Disagree,0.0,Agree,0.0,Disagree,0.0,Strongly Agree,1.0,Strongly Disagree,0.0,Strongly Agree,1.0,Strongly Disagree,0.0,Strongly Disagree,0.0,Strongly Agree,1.0,Agree,0.0,Agree,0.0,Strongly Disagree,0.0,8,26,1.0
5991735,COSC 341 101 2020W,72450,2021-01-13 09:42:41 UTC,1,Strongly Disagree,0.0,Disagree,0.0,Disagree,0.0,Agree,0.0,Strongly Agree,1.0,Disagree,0.0,Strongly Agree,1.0,Agree,0.0,Strongly Agree,1.0,Disagree,0.0,Strongly Disagree,0.0,Strongly Agree,1.0,Strongly Disagree,0.0,Disagree,0.0,Agree,0.0,Agree,0.0,Strongly Agree,1.0,Strongly Disagree,0.0,Strongly Disagree,0.0,Strongly Disagree,0.0,Strongly Disagree,0.0,Strongly Agree,1.0,Disagree,0.0,Agree,0.0,Strongly Agree,1.0,Agree,0.0,Strongly Disagree,0.0,Agree,0.0,Disagree,0.0,Strongly Disagree,0.0,Disagree,0.0,Strongly Agree,1.0,Strongly Agree,1.0,Disagree,0.0,9,25,1.0
6492931,COSC 341 101 2020W,72450,2021-01-13 09:04:58 UTC,1,Disagree,0.0,Strongly Disagree,0.0,Disagree,0.0,Strongly Agree,1.0,Strongly Agree,1.0,Strongly Disagree,0.0,Strongly Agree,1.0,Disagree,0.0,Agree,0.0,Strongly Agree,1.0,Disagree,0.0,Agree,0.0,Disagree,0.0,Strongly Disagree,0.0,Agree,0.0,Strongly Agree,1.0,Strongly Agree,1.0,Strongly Disagree,0.0,Strongly Disagree,0.0,Strongly Disagree,0.0,Disagree,0.0,Strongly Agree,1.0,Disagree,0.0,Agree,0.0,Agree,0.0,Strongly Agree,1.0,Disagree,0.0,Disagree,0.0,Strongly Disagree,0.0,Strongly Disagree,0.0,Disagree,0.0,Strongly Agree,1.0,Agree,0.0,Agree,0.0,9,25,1.0
4708909,COSC 341 101 2020W,72450,2021-01-13 06:47:07 UTC,1,Strongly Disagree,0.0,Strongly Disagree,0.0,Strongly Disagree,0.0,Strongly Agree,1.0,Strongly Agree,1.0,Strongly Disagree,0.0,Strongly Agree,1.0,Strongly Disagree,0.0,Strongly Agree,1.0,Disagree,0.0,Disagree,0.0,Agree,0.0,Disagree,0.0,Strongly Disagree,0.0,Strongly Agree,1.0,Agree,0.0,Agree,0.0,Agree,0.0,Strongly Disagree,0.0,Disagree,0.0,Strongly Disagree,0.0,Agree,0.0,Strongly Disagree,0.0,Disagree,0.0,Agree,0.0,Strongly Agree,1.0,Disagree,0.0,Agree,0.0,Strongly Disagree,0.0,Strongly Disagree,0.0,Strongly Disagree,0.0,Disagree,0.0,Agree,0.0,Strongly Disagree,0.0,6,28,1.0
6078374,COSC 341 101 2020W,72450,2021-01-13 05:02:16 UTC,1,Strongly Disagree,0.0,Strongly Disagree,0.0,Strongly Disagree,0.0,Strongly Agree,1.0,Strongly Agree,1.0,Disagree,0.0,Strongly Agree,1.0,Agree,0.0,Strongly Agree,1.0,Agree,0.0,Strongly Disagree,0.0,Strongly Agree,1.0,Disagree,0.0,Strongly Disagree,0.0,Strongly Agree,1.0,Strongly Agree,1.0,Strongly Agree,1.0,Strongly Disagree,0.0,Strongly Disagree,0.0,Strongly Disagree,0.0,Strongly Agree,1.0,Agree,0.0,Disagree,0.0,Strongly Agree,1.0,Agree,0.0,Agree,0.0,Strongly Disagree,0.0,Disagree,0.0,Strongly Disagree,0.0,Strongly Disagree,0.0,Disagree,0.0,Strongly Agree,1.0,Strongly Agree,1.0,Agree,0.0,12,22,1.0
2297496,COSC 341 101 2020W,72450,2021-01-13 04:37:33 UTC,1,Disagree,0.0,Strongly Disagree,0.0,Disagree,0.0,Strongly Agree,1.0,Strongly Agree,1.0,Agree,0.0,Strongly Agree,1.0,Disagree,0.0,Strongly Agree,1.0,Disagree,0.0,Disagree,0.0,Agree,0.0,Disagree,0.0,Strongly Disagree,0.0,Agree,0.0,Agree,0.0,Agree,0.0,Disagree,0.0,Strongly Disagree,0.0,Disagree,0.0,Disagree,0.0,Strongly Agree,1.0,Disagree,0.0,Agree,0.0,Agree,0.0,Strongly Agree,1.0,Disagree,0.0,Strongly Agree,1.0,Strongly Disagree,0.0,Strongly Disagree,0.0,Agree,0.0,Strongly Agree,1.0,Agree,0.0,Disagree,0.0,8,26,1.0
9620106,COSC 341 101 2020W,72450,2021-01-13 04:26:38 UTC,1,Strongly Disagree,0.0,Disagree,0.0,Strongly Disagree,0.0,Strongly Agree,1.0,Strongly Agree,1.0,Strongly Disagree,0.0,Strongly Agree,1.0,Disagree,0.0,Strongly Agree,1.0,Disagree,0.0,Disagree,0.0,Agree,0.0,Disagree,0.0,Strongly Disagree,0.0,Agree,0.0,Agree,0.0,Agree,0.0,Disagree,0.0,Strongly Disagree,0.0,Disagree,0.0,Disagree,0.0,Agree,0.0,Disagree,0.0,Agree,0.0,Agree,0.0,Agree,0.0,Disagree,0.0,Agree,0.0,Disagree,0.0,Strongly Disagree,0.0,Strongly Disagree,0.0,Agree,0.0,Agree,0.0,Disagree,0.0,4,30,1.0
7080732,COSC 341 101 2020W,72450,2021-01-13 03:45:42 UTC,1,Strongly Disagree,0.0,Strongly Disagree,0.0,Strongly Disagree,0.0,Strongly Agree,1.0,Strongly Agree,1.0,Disagree,0.0,Strongly Agree,1.0,Agree,0.0,Strongly Agree,1.0,Agree,0.0,Strongly Disagree,0.0,Strongly Agree,1.0,Disagree,0.0,Strongly Disagree,0.0,Strongly Agree,1.0,Strongly Agree,1.0,Strongly Agree,1.0,Disagree,0.0,Strongly Disagree,0.0,Strongly Disagree,0.0,Strongly Disagree,0.0,Strongly Agree,1.0,Strongly Disagree,0.0,Strongly Agree,1.0,Agree,0.0,Strongly Agree,1.0,Disagree,0.0,Strongly Agree,1.0,Strongly Disagree,0.0,Strongly Disagree,0.0,Disagree,0.0,Agree,0.0,Strongly Agree,1.0,Agree,0.0,13,21,1.0
2631372,COSC 341 101 2020W,72450,2021-01-13 03:02:50 UTC,1,Disagree,0.0,Strongly Disagree,0.0,Disagree,0.0,Strongly Agree,1.0,Strongly Agree,1.0,Agree,0.0,Strongly Agree,1.0,Disagree,0.0,Agree,0.0,Agree,0.0,Disagree,0.0,Disagree,0.0,Disagree,0.0,Strongly Disagree,0.0,Disagree,0.0,Agree,0.0,Agree,0.0,Agree,0.0,Strongly Disagree,0.0,Disagree,0.0,Agree,0.0,Agree,0.0,Disagree,0.0,Disagree,0.0,Agree,0.0,Strongly Agree,1.0,Disagree,0.0,Strongly Agree,1.0,Strongly Disagree,0.0,Strongly Disagree,0.0,Strongly Disagree,0.0,Disagree,0.0,Agree,0.0,Disagree,0.0,5,29,1.0
6472420,COSC 341 101 2020W,72450,2021-01-13 01:37:00 UTC,1,Disagree,0.0,Strongly Disagree,0.0,Strongly Disagree,0.0,Strongly Agree,1.0,Agree,0.0,Disagree,0.0,Strongly Agree,1.0,Strongly Disagree,0.0,Agree,0.0,Agree,0.0,Disagree,0.0,Agree,0.0,Disagree,0.0,Disagree,0.0,Agree,0.0,Agree,0.0,Agree,0.0,Agree,0.0,Strongly Disagree,0.0,Strongly Disagree,0.0,Disagree,0.0,Agree,0.0,Disagree,0.0,Agree,0.0,Agree,0.0,Agree,0.0,Disagree,0.0,Agree,0.0,Strongly Disagree,0.0,Disagree,0.0,Disagree,0.0,Agree,0.0,Agree,0.0,Strongly Disagree,0.0,2,32,1.0
7449285,COSC 341 101 2020W,72450,2021-01-13 01:28:49 UTC,1,Strongly Disagree,0.0,Strongly Disagree,0.0,Disagree,0.0,Strongly Agree,1.0,Strongly Agree,1.0,Disagree,0.0,Strongly Agree,1.0,Disagree,0.0,Agree,0.0,Agree,0.0,Disagree,0.0,Agree,0.0,Strongly Disagree,0.0,Strongly Disagree,0.0,Disagree,0.0,Agree,0.0,Agree,0.0,Disagree,0.0,Strongly Disagree,0.0,Disagree,0.0,Disagree,0.0,Strongly Agree,1.0,Strongly Disagree,0.0,Agree,0.0,Agree,0.0,Strongly Agree,1.0,Disagree,0.0,Strongly Agree,1.0,Strongly Disagree,0.0,Strongly Disagree,0.0,Disagree,0.0,Agree,0.0,Agree,0.0,Disagree,0.0,6,28,1.0
1889600,COSC 341 101 2020W,72450,2021-01-13 00:52:44 UTC,1,Disagree,0.0,Disagree,0.0,Disagree,0.0,Strongly Agree,1.0,Agree,0.0,Agree,0.0,Agree,0.0,Disagree,0.0,Agree,0.0,Disagree,0.0,Disagree,0.0,Agree,0.0,Agree,0.0,Disagree,0.0,Agree,0.0,Agree,0.0,Agree,0.0,Disagree,0.0,Disagree,0.0,Disagree,0.0,Disagree,0.0,Agree,0.0,Disagree,0.0,Agree,0.0,Agree,0.0,Agree,0.0,Disagree,0.0,Agree,0.0,Disagree,0.0,Disagree,0.0,Disagree,0.0,Agree,0.0,Agree,0.0,Disagree,0.0,1,33,1.0
7521635,COSC 341 101 2020W,72450,2021-01-13 00:14:54 UTC,1,Disagree,0.0,Strongly Disagree,0.0,Disagree,0.0,Strongly Agree,1.0,Strongly Agree,1.0,Agree,0.0,Strongly Agree,1.0,Disagree,0.0,Agree,0.0,Agree,0.0,Disagree,0.0,Agree,0.0,Agree,0.0,Strongly Disagree,0.0,Agree,0.0,Agree,0.0,Agree,0.0,Disagree,0.0,Strongly Disagree,0.0,Disagree,0.0,Disagree,0.0,Agree,0.0,Disagree,0.0,Agree,0.0,Disagree,0.0,Strongly Agree,1.0,Agree,0.0,Agree,0.0,Strongly Disagree,0.0,Strongly Disagree,0.0,Agree,0.0,Agree,0.0,Agree,0.0,Disagree,0.0,4,30,1.0
4417113,COSC 341 101 2020W,72450,2021-01-12 23:03:14 UTC,1,Strongly Disagree,0.0,Strongly Disagree,0.0,Disagree,0.0,Strongly Agree,1.0,Strongly Agree,1.0,Disagree,0.0,Strongly Agree,1.0,Disagree,0.0,Strongly Agree,1.0,Agree,0.0,Strongly Disagree,0.0,Agree,0.0,Strongly Disagree,0.0,Strongly Disagree,0.0,Agree,0.0,Agree,0.0,Strongly Agree,1.0,Strongly Disagree,0.0,Strongly Disagree,0.0,Disagree,0.0,Disagree,0.0,Agree,0.0,Disagree,0.0,Strongly Agree,1.0,Agree,0.0,Strongly Agree,1.0,Disagree,0.0,Agree,0.0,Disagree,0.0,Strongly Disagree,0.0,Disagree,0.0,Agree,0.0,Agree,0.0,Agree,0.0,7,27,1.0
4121537,COSC 341 101 2020W,72450,2021-01-12 22:41:27 UTC,1,Disagree,0.0,Strongly Disagree,0.0,Disagree,0.0,Strongly Agree,1.0,Strongly Agree,1.0,Disagree,0.0,Strongly Agree,1.0,Disagree,0.0,Strongly Agree,1.0,Agree,0.0,Disagree,0.0,Agree,0.0,Agree,0.0,Strongly Disagree,0.0,Agree,0.0,Agree,0.0,Agree,0.0,Disagree,0.0,Strongly Disagree,0.0,Disagree,0.0,Agree,0.0,Agree,0.0,Agree,0.0,Agree,0.0,Agree,0.0,Strongly Agree,1.0,Disagree,0.0,Disagree,0.0,Strongly Disagree,0.0,Strongly Disagree,0.0,Disagree,0.0,Agree,0.0,Agree,0.0,Disagree,0.0,5,29,1.0
6609618,COSC 341 101 2020W,72450,2021-01-12 21:58:39 UTC,1,Strongly Disagree,0.0,Strongly Disagree,0.0,Disagree,0.0,Strongly Agree,1.0,Strongly Agree,1.0,Strongly Disagree,0.0,Strongly Agree,1.0,Disagree,0.0,Agree,0.0,Agree,0.0,Disagree,0.0,Agree,0.0,Agree,0.0,Strongly Disagree,0.0,Agree,0.0,Agree,0.0,Agree,0.0,Agree,0.0,Strongly Disagree,0.0,Disagree,0.0,Disagree,0.0,Strongly Agree,1.0,Strongly Disagree,0.0,Agree,0.0,Agree,0.0,Strongly Agree,1.0,Disagree,0.0,Strongly Agree,1.0,Strongly Disagree,0.0,Strongly Disagree,0.0,Disagree,0.0,Agree,0.0,Agree,0.0,Disagree,0.0,6,28,1.0
3630515,COSC 341 101 2020W,72450,2021-01-12 21:42:09 UTC,1,Disagree,0.0,Disagree,0.0,Disagree,0.0,Agree,0.0,Strongly Agree,1.0,Disagree,0.0,Agree,0.0,Agree,0.0,Agree,0.0,Disagree,0.0,Disagree,0.0,Disagree,0.0,Disagree,0.0,Disagree,0.0,Disagree,0.0,Disagree,0.0,Strongly Agree,1.0,Disagree,0.0,Disagree,0.0,Disagree,0.0,Disagree,0.0,Agree,0.0,Disagree,0.0,Agree,0.0,Disagree,0.0,Agree,0.0,Disagree,0.0,Agree,0.0,Disagree,0.0,Disagree,0.0,Disagree,0.0,Agree,0.0,Disagree,0.0,Disagree,0.0,2,32,1.0
8975820,COSC 341 101 2020W,72450,2021-01-12 07:29:36 UTC,1,Strongly Disagree,0.0,Disagree,0.0,Strongly Disagree,0.0,Agree,0.0,Strongly Agree,1.0,Disagree,0.0,Strongly Agree,1.0,Agree,0.0,Strongly Agree,1.0,Disagree,0.0,Disagree,0.0,Agree,0.0,Disagree,0.0,Strongly Disagree,0.0,Strongly Agree,1.0,Agree,0.0,Strongly Agree,1.0,Disagree,0.0,Strongly Disagree,0.0,Strongly Disagree,0.0,Strongly Disagree,0.0,Strongly Agree,1.0,Disagree,0.0,Agree,0.0,Agree,0.0,Agree,0.0,Disagree,0.0,Disagree,0.0,Disagree,0.0,Strongly Disagree,0.0,Agree,0.0,Agree,0.0,Agree,0.0,Strongly Agree,1.0,7,27,1.0
9810479,COSC 341 101 2020W,72450,2021-01-12 06:51:00 UTC,1,Strongly Disagree,0.0,Strongly Disagree,0.0,Disagree,0.0,Strongly Agree,1.0,Strongly Agree,1.0,Disagree,0.0,Strongly Agree,1.0,Strongly Disagree,0.0,Agree,0.0,Agree,0.0,Disagree,0.0,Agree,0.0,Disagree,0.0,Strongly Disagree,0.0,Agree,0.0,Agree,0.0,Strongly Agree,1.0,Disagree,0.0,Strongly Disagree,0.0,Strongly Disagree,0.0,Disagree,0.0,Agree,0.0,Disagree,0.0,Agree,0.0,Agree,0.0,Strongly Agree,1.0,Disagree,0.0,Agree,0.0,Strongly Disagree,0.0,Strongly Disagree,0.0,Agree,0.0,Agree,0.0,Agree,0.0,Agree,0.0,5,29,1.0
8717334,COSC 341 101 2020W,72450,2021-01-12 06:18:27 UTC,1,Disagree,0.0,Disagree,0.0,Strongly Disagree,0.0,Strongly Agree,1.0,Strongly Agree,1.0,Disagree,0.0,Strongly Agree,1.0,Agree,0.0,Strongly Agree,1.0,Disagree,0.0,Strongly Disagree,0.0,Strongly Agree,1.0,Disagree,0.0,Strongly Disagree,0.0,Agree,0.0,Strongly Agree,1.0,Strongly Agree,1.0,Disagree,0.0,Strongly Disagree,0.0,Strongly Disagree,0.0,Disagree,0.0,Strongly Agree,1.0,Strongly Disagree,0.0,Strongly Agree,1.0,Agree,0.0,Agree,0.0,Disagree,0.0,Strongly Agree,1.0,Disagree,0.0,Strongly Disagree,0.0,Strongly Agree,1.0,Strongly Agree,1.0,Agree,0.0,Disagree,0.0,12,22,1.0
2167944,COSC 341 101 2020W,72450,2021-01-12 06:05:24 UTC,1,Strongly Disagree,0.0,Strongly Disagree,0.0,Strongly Disagree,0.0,Strongly Agree,1.0,Strongly Agree,1.0,Agree,0.0,Strongly Agree,1.0,Agree,0.0,Strongly Agree,1.0,Agree,0.0,Disagree,0.0,Agree,0.0,Disagree,0.0,Strongly Disagree,0.0,Agree,0.0,Strongly Agree,1.0,Strongly Agree,1.0,Strongly Disagree,0.0,Strongly Disagree,0.0,Strongly Disagree,0.0,Strongly Disagree,0.0,Strongly Agree,1.0,Disagree,0.0,Strongly Agree,1.0,Strongly Agree,1.0,Disagree,0.0,Disagree,0.0,Agree,0.0,Strongly Disagree,0.0,Strongly Disagree,0.0,Strongly Agree,1.0,Agree,0.0,Agree,0.0,Disagree,0.0,10,24,1.0
2856065,COSC 341 101 2020W,72450,2021-01-12 01:50:31 UTC,1,Disagree,0.0,Strongly Disagree,0.0,Strongly Disagree,0.0,Strongly Agree,1.0,Strongly Agree,1.0,Disagree,0.0,Strongly Agree,1.0,Disagree,0.0,Agree,0.0,Agree,0.0,Disagree,0.0,Agree,0.0,Disagree,0.0,Strongly Disagree,0.0,Agree,0.0,Agree,0.0,Agree,0.0,Disagree,0.0,Strongly Disagree,0.0,Disagree,0.0,Strongly Disagree,0.0,Agree,0.0,Strongly Disagree,0.0,Agree,0.0,Agree,0.0,Strongly Agree,1.0,Disagree,0.0,Strongly Agree,1.0,Strongly Disagree,0.0,Strongly Disagree,0.0,Disagree,0.0,Agree,0.0,Disagree,0.0,Disagree,0.0,5,29,1.0
6827055,COSC 341 101 2020W,72450,2021-01-12 00:05:18 UTC,1,Strongly Disagree,0.0,Strongly Disagree,0.0,Disagree,0.0,Strongly Agree,1.0,Strongly Agree,1.0,Disagree,0.0,Strongly Agree,1.0,Disagree,0.0,Agree,0.0,Disagree,0.0,Disagree,0.0,Agree,0.0,Disagree,0.0,Strongly Disagree,0.0,Agree,0.0,Agree,0.0,Strongly Agree,1.0,Strongly Disagree,0.0,Strongly Disagree,0.0,Disagree,0.0,Disagree,0.0,Agree,0.0,Disagree,0.0,Agree,0.0,Agree,0.0,Strongly Agree,1.0,Agree,0.0,Agree,0.0,Strongly Disagree,0.0,Strongly Disagree,0.0,Strongly Disagree,0.0,Agree,0.0,Agree,0.0,Agree,0.0,5,29,1.0
6772488,COSC 341 101 2020W,72450,2021-01-11 23:44:33 UTC,1,Strongly Disagree,0.0,Disagree,0.0,Strongly Disagree,0.0,Strongly Agree,1.0,Strongly Agree,1.0,Agree,0.0,Strongly Agree,1.0,Agree,0.0,Strongly Agree,1.0,Strongly Disagree,0.0,Strongly Disagree,0.0,Strongly Agree,1.0,Strongly Disagree,0.0,Strongly Disagree,0.0,Strongly Agree,1.0,Agree,0.0,Strongly Agree,1.0,Strongly Disagree,0.0,Strongly Disagree,0.0,Strongly Disagree,0.0,Strongly Disagree,0.0,Strongly Agree,1.0,Strongly Disagree,0.0,Strongly Agree,1.0,Strongly Agree,1.0,Agree,0.0,Strongly Agree,1.0,Agree,0.0,Strongly Disagree,0.0,Strongly Disagree,0.0,Agree,0.0,Strongly Agree,1.0,Strongly Agree,1.0,Strongly Agree,1.0,14,20,1.0
6257926,COSC 341 101 2020W,72450,2021-01-11 22:55:17 UTC,1,Strongly Disagree,0.0,Agree,0.0,Strongly Agree,1.0,Strongly Agree,1.0,Strongly Agree,1.0,Strongly Agree,1.0,Strongly Agree,1.0,Strongly Agree,1.0,Strongly Agree,1.0,Strongly Agree,1.0,Disagree,0.0,Strongly Agree,1.0,Agree,0.0,Disagree,0.0,Agree,0.0,Strongly Agree,1.0,Strongly Agree,1.0,Agree,0.0,Agree,0.0,Disagree,0.0,Disagree,0.0,Strongly Agree,1.0,Strongly Disagree,0.0,Strongly Agree,1.0,Agree,0.0,Strongly Agree,1.0,Disagree,0.0,Strongly Agree,1.0,Strongly Disagree,0.0,Disagree,0.0,Agree,0.0,Agree,0.0,Agree,0.0,Strongly Agree,1.0,16,18,1.0
3817174,COSC 341 101 2020W,72450,2021-01-11 22:30:39 UTC,1,Disagree,0.0,Strongly Disagree,0.0,Disagree,0.0,Strongly Agree,1.0,Strongly Agree,1.0,Disagree,0.0,Strongly Agree,1.0,Disagree,0.0,Agree,0.0,Disagree,0.0,Disagree,0.0,Agree,0.0,Disagree,0.0,Strongly Disagree,0.0,Agree,0.0,Agree,0.0,Agree,0.0,Disagree,0.0,Strongly Disagree,0.0,Disagree,0.0,Disagree,0.0,Agree,0.0,Strongly Disagree,0.0,Agree,0.0,Agree,0.0,Strongly Agree,1.0,Disagree,0.0,Agree,0.0,Strongly Disagree,0.0,Strongly Disagree,0.0,Disagree,0.0,Agree,0.0,Agree,0.0,Disagree,0.0,4,30,1.0
2869121,COSC 341 101 2020W,72450,2021-01-11 21:59:17 UTC,1,Strongly Disagree,0.0,Strongly Disagree,0.0,Strongly Disagree,0.0,Strongly Agree,1.0,Strongly Agree,1.0,Agree,0.0,Strongly Agree,1.0,Agree,0.0,Strongly Agree,1.0,Agree,0.0,Disagree,0.0,Agree,0.0,Disagree,0.0,Strongly Disagree,0.0,Agree,0.0,Strongly Agree,1.0,Strongly Agree,1.0,Disagree,0.0,Strongly Disagree,0.0,Disagree,0.0,Strongly Disagree,0.0,Agree,0.0,Strongly Disagree,0.0,Agree,0.0,Agree,0.0,Strongly Agree,1.0,Disagree,0.0,Agree,0.0,Strongly Disagree,0.0,Strongly Disagree,0.0,Disagree,0.0,Agree,0.0,Agree,0.0,Agree,0.0,7,27,1.0
9742786,COSC 341 101 2020W,72450,2021-01-11 21:24:47 UTC,1,Strongly Disagree,0.0,Strongly Disagree,0.0,Strongly Disagree,0.0,Strongly Agree,1.0,Strongly Agree,1.0,Agree,0.0,Strongly Agree,1.0,Agree,0.0,Agree,0.0,Agree,0.0,Disagree,0.0,Strongly Agree,1.0,Agree,0.0,Strongly Disagree,0.0,Agree,0.0,Disagree,0.0,Agree,0.0,Agree,0.0,Strongly Disagree,0.0,Disagree,0.0,Disagree,0.0,Strongly Agree,1.0,Disagree,0.0,Agree,0.0,Agree,0.0,Strongly Agree,1.0,Disagree,0.0,Strongly Agree,1.0,Strongly Disagree,0.0,Strongly Disagree,0.0,Agree,0.0,Disagree,0.0,Strongly Agree,1.0,Strongly Agree,1.0,9,25,1.0
8735515,COSC 341 101 2020W,72450,2021-01-11 20:23:14 UTC,1,Strongly Disagree,0.0,Strongly Disagree,0.0,Strongly Disagree,0.0,Strongly Agree,1.0,Strongly Agree,1.0,Disagree,0.0,Strongly Agree,1.0,Agree,0.0,Strongly Agree,1.0,Strongly Disagree,0.0,Disagree,0.0,Strongly Agree,1.0,Strongly Disagree,0.0,Strongly Disagree,0.0,Agree,0.0,Strongly Agree,1.0,Strongly Agree,1.0,Disagree,0.0,Strongly Disagree,0.0,Strongly Disagree,0.0,Disagree,0.0,Strongly Agree,1.0,Disagree,0.0,Agree,0.0,Strongly Agree,1.0,Strongly Agree,1.0,Strongly Disagree,0.0,Strongly Agree,1.0,Strongly Disagree,0.0,Strongly Disagree,0.0,Agree,0.0,Agree,0.0,Agree,0.0,Disagree,0.0,11,23,1.0
4826483,COSC 341 101 2020W,72450,2021-01-11 19:16:38 UTC,1,Strongly Disagree,0.0,Disagree,0.0,Disagree,0.0,Strongly Agree,1.0,Strongly Agree,1.0,Strongly Disagree,0.0,Strongly Agree,1.0,Disagree,0.0,Strongly Agree,1.0,Strongly Disagree,0.0,Agree,0.0,Disagree,0.0,Agree,0.0,Strongly Disagree,0.0,Strongly Agree,1.0,Agree,0.0,Strongly Agree,1.0,Disagree,0.0,Strongly Disagree,0.0,Agree,0.0,Strongly Disagree,0.0,Disagree,0.0,Disagree,0.0,Strongly Agree,1.0,Disagree,0.0,Strongly Agree,1.0,Disagree,0.0,Agree,0.0,Strongly Disagree,0.0,Strongly Disagree,0.0,Agree,0.0,Disagree,0.0,Agree,0.0,Disagree,0.0,8,26,1.0
3173918,COSC 341 101 2020W,72450,2021-01-11 18:23:04 UTC,1,Strongly Disagree,0.0,Strongly Disagree,0.0,Strongly Disagree,0.0,Strongly Agree,1.0,Strongly Agree,1.0,Strongly Disagree,0.0,Strongly Agree,1.0,Disagree,0.0,Strongly Agree,1.0,Strongly Disagree,0.0,Strongly Disagree,0.0,Strongly Agree,1.0,Strongly Disagree,0.0,Strongly Disagree,0.0,Strongly Agree,1.0,Strongly Agree,1.0,Strongly Agree,1.0,Strongly Disagree,0.0,Strongly Disagree,0.0,Strongly Disagree,0.0,Strongly Disagree,0.0,Strongly Agree,1.0,Strongly Disagree,0.0,Strongly Agree,1.0,Strongly Agree,1.0,Strongly Agree,1.0,Strongly Disagree,0.0,Strongly Agree,1.0,Strongly Disagree,0.0,Strongly Disagree,0.0,Agree,0.0,Strongly Agree,1.0,Strongly Agree,1.0,Strongly Disagree,0.0,15,19,1.0
8109799,COSC 341 101 2020W,72450,2021-01-11 06:38:58 UTC,1,Disagree,0.0,Disagree,0.0,Disagree,0.0,Strongly Agree,1.0,Agree,0.0,Strongly Disagree,0.0,Agree,0.0,Disagree,0.0,Disagree,0.0,Agree,0.0,Strongly Disagree,0.0,Agree,0.0,Disagree,0.0,Disagree,0.0,Agree,0.0,Agree,0.0,Agree,0.0,Strongly Disagree,0.0,Disagree,0.0,Strongly Disagree,0.0,Disagree,0.0,Strongly Agree,1.0,Disagree,0.0,Strongly Agree,1.0,Agree,0.0,Agree,0.0,Disagree,0.0,Agree,0.0,Disagree,0.0,Strongly Disagree,0.0,Strongly Disagree,0.0,Strongly Agree,1.0,Agree,0.0,Disagree,0.0,4,30,1.0
5152483,COSC 341 101 2020W,72450,2021-01-11 05:44:58 UTC,1,Disagree,0.0,Strongly Disagree,0.0,Disagree,0.0,Strongly Agree,1.0,Strongly Agree,1.0,Agree,0.0,Strongly Agree,1.0,Agree,0.0,Strongly Agree,1.0,Strongly Agree,1.0,Disagree,0.0,Agree,0.0,Disagree,0.0,Strongly Disagree,0.0,Agree,0.0,Agree,0.0,Agree,0.0,Disagree,0.0,Strongly Disagree,0.0,Strongly Disagree,0.0,Strongly Disagree,0.0,Strongly Agree,1.0,Strongly Disagree,0.0,Agree,0.0,Agree,0.0,Agree,0.0,Disagree,0.0,Agree,0.0,Strongly Disagree,0.0,Strongly Disagree,0.0,Strongly Disagree,0.0,Strongly Agree,1.0,Strongly Agree,1.0,Disagree,0.0,8,26,1.0
9331648,COSC 341 101 2020W,72450,2021-01-11 01:44:16 UTC,1,Strongly Disagree,0.0,Strongly Disagree,0.0,Strongly Disagree,0.0,Strongly Agree,1.0,Strongly Agree,1.0,Disagree,0.0,Strongly Agree,1.0,Disagree,0.0,Agree,0.0,Agree,0.0,Disagree,0.0,Strongly Agree,1.0,Strongly Disagree,0.0,Strongly Disagree,0.0,Agree,0.0,Strongly Agree,1.0,Agree,0.0,Strongly Disagree,0.0,Strongly Disagree,0.0,Strongly Disagree,0.0,Disagree,0.0,Strongly Agree,1.0,Strongly Disagree,0.0,Strongly Agree,1.0,Strongly Agree,1.0,Strongly Agree,1.0,Strongly Disagree,0.0,Strongly Agree,1.0,Strongly Disagree,0.0,Strongly Disagree,0.0,Strongly Disagree,0.0,Agree,0.0,Strongly Agree,1.0,Disagree,0.0,11,23,1.0
6861978,COSC 341 101 2020W,72450,2021-01-11 00:30:55 UTC,1,Disagree,0.0,Strongly Disagree,0.0,Disagree,0.0,Strongly Agree,1.0,Strongly Agree,1.0,Agree,0.0,Strongly Agree,1.0,Disagree,0.0,Agree,0.0,Agree,0.0,Disagree,0.0,Agree,0.0,Disagree,0.0,Strongly Disagree,0.0,Agree,0.0,Agree,0.0,Strongly Agree,1.0,Disagree,0.0,Strongly Disagree,0.0,Disagree,0.0,Disagree,0.0,Strongly Agree,1.0,Strongly Disagree,0.0,Agree,0.0,Agree,0.0,Strongly Agree,1.0,Disagree,0.0,Agree,0.0,Strongly Disagree,0.0,Strongly Disagree,0.0,Disagree,0.0,Agree,0.0,Disagree,0.0,Disagree,0.0,6,28,1.0
4050962,COSC 341 101 2020W,72450,2021-01-10 18:26:48 UTC,1,Strongly Disagree,0.0,Disagree,0.0,Strongly Disagree,0.0,Strongly Agree,1.0,Strongly Agree,1.0,Disagree,0.0,Strongly Agree,1.0,Disagree,0.0,Agree,0.0,Agree,0.0,Disagree,0.0,Agree,0.0,Disagree,0.0,Strongly Disagree,0.0,Agree,0.0,Agree,0.0,Strongly Agree,1.0,Disagree,0.0,Strongly Disagree,0.0,Disagree,0.0,Disagree,0.0,Agree,0.0,Disagree,0.0,Agree,0.0,Agree,0.0,Strongly Agree,1.0,Disagree,0.0,Strongly Agree,1.0,Strongly Disagree,0.0,Strongly Disagree,0.0,Agree,0.0,Agree,0.0,Strongly Agree,1.0,Disagree,0.0,7,27,1.0
5548935,COSC 341 101 2020W,72450,2021-01-09 21:38:16 UTC,1,Disagree,0.0,Strongly Disagree,0.0,Disagree,0.0,Strongly Agree,1.0,Strongly Agree,1.0,Agree,0.0,Strongly Agree,1.0,Agree,0.0,Strongly Agree,1.0,Disagree,0.0,Disagree,0.0,Agree,0.0,Agree,0.0,Strongly Disagree,0.0,Agree,0.0,Strongly Disagree,0.0,Agree,0.0,Disagree,0.0,Strongly Disagree,0.0,Disagree,0.0,Disagree,0.0,Disagree,0.0,Agree,0.0,Agree,0.0,Disagree,0.0,Strongly Agree,1.0,Disagree,0.0,Agree,0.0,Strongly Disagree,0.0,Strongly Disagree,0.0,Disagree,0.0,Disagree,0.0,Agree,0.0,Disagree,0.0,5,29,1.0
