id,section,section_id,submitted,attempt,3308913: Men are more capable than women at solving design and interaction problems.,1.0,3308932: Students who are skilled at human computer interaction are less popular than other students.,1.0.1,3308912: I doubt that a woman could excel in human computer interaction courses.,1.0.2,3308910: I do not like using design and interaction to solve problems.,1.0.3,3308934: I have role models in human computer interaction who look like me.,1.0.4,3308904: Men and women are equally capable of solving design and interaction problems.,1.0.5,3308901: I have little self-confidence when it comes to design and interaction courses.,1.0.6,3308918: A student who performs well in human computer interaction is likely to have a life outside of computers.,1.0.7,3308908: The challenge of solving problems using design and interaction does not appeal to me.,1.0.8,3308924: I am comfortable with learning design and interaction concepts.,1.0.9,3308902: I do not think that I can learn to understand design and interaction concepts.,1.0.10,3308906: I doubt that I can solve problems by applying design skills.,1.0.11,3308923: I can achieve good grades (C or better) in human computer interaction courses.,1.0.12,3308916: Men are more likely to excel in careers that involve design and interaction than women are.,1.0.13,3308930: It is not appropriate for women to study design and interaction.,1.0.14,3308909: I like to use design and interaction to solve problems.,1.0.15,3308925: I am confident that I can solve problems by applying design skills.,1.0.16,3308905: Men and women can both excel in human computer interaction courses.,1.0.17,3308929: I would voluntarily take additional human computer interaction courses if I were given the opportunity.,1.0.18,3308931: A student who performs well in human computer interaction will probably not have a life outside of computers.,1.0.19,3308907: I think design and interaction is boring.,1.0.20,3308914: Design and interaction is an appropriate subject for both men and women to study.,1.0.21,3308921: I was encouraged to pursue a human computer interaction project/course/degree/career.,1.0.22,3308917: Women produce the same quality work in design and interaction as men.,1.0.23,3308928: I hope that I can find a career that does not require the use of design and interaction concepts.,1.0.24,3308911: I think design and interaction is interesting.,1.0.25,3308922: I can learn to understand design and interaction concepts.,1.0.26,3308919: I feel a strong attachment towards my own ethnic group.,1.0.27,3308926: I would not take additional human computer interaction courses if I were given the opportunity.,1.0.28,3308915: Men produce higher quality work in design and interaction than women.,1.0.29,3308933: Students who are skilled at human computer interaction are just as popular as other students.,1.0.30,3308927: The challenge of solving problems using design and interaction appeals to me.,1.0.31,3308903: I hope that my future career will require the use of design and interaction concepts.,1.0.32,3308920: I am active in organizations or social groups that include mostly members of my own ethnic group.,1.0.33,n correct,n incorrect,score
7680659,COSC 341 101 2020W,72450,2021-04-19 06:59:00 UTC,1,,0.0,,0.0,,0.0,,0.0,,0.0,,0.0,,0.0,,0.0,,0.0,,0.0,,0.0,,0.0,,0.0,,0.0,,0.0,,0.0,,0.0,,0.0,,0.0,,0.0,,0.0,,0.0,,0.0,,0.0,,0.0,,0.0,,0.0,,0.0,,0.0,,0.0,,0.0,,0.0,,0.0,,0.0,0,34,1.0
7801377,COSC 341 101 2020W,72450,2021-04-19 06:59:00 UTC,1,,0.0,,0.0,,0.0,,0.0,,0.0,,0.0,,0.0,,0.0,,0.0,,0.0,,0.0,,0.0,,0.0,,0.0,,0.0,,0.0,,0.0,,0.0,,0.0,,0.0,,0.0,,0.0,,0.0,,0.0,,0.0,,0.0,,0.0,,0.0,,0.0,,0.0,,0.0,,0.0,,0.0,,0.0,0,34,1.0
5548935,COSC 341 101 2020W,72450,2021-04-18 21:08:03 UTC,1,Strongly Disagree,0.0,Disagree,0.0,Strongly Disagree,0.0,Disagree,0.0,Disagree,0.0,Strongly Agree,1.0,Disagree,0.0,Agree,0.0,Disagree,0.0,Agree,0.0,Disagree,0.0,Disagree,0.0,Agree,0.0,Strongly Disagree,0.0,Strongly Disagree,0.0,Agree,0.0,Agree,0.0,Strongly Agree,1.0,Disagree,0.0,Disagree,0.0,Disagree,0.0,Strongly Agree,1.0,Agree,0.0,Strongly Agree,1.0,Disagree,0.0,Agree,0.0,Strongly Agree,1.0,Disagree,0.0,Agree,0.0,Strongly Disagree,0.0,Agree,0.0,Agree,0.0,Agree,0.0,Disagree,0.0,5,29,1.0
9002921,COSC 341 101 2020W,72450,2021-04-16 09:37:45 UTC,1,Strongly Disagree,0.0,Disagree,0.0,Agree,0.0,Disagree,0.0,Agree,0.0,Strongly Agree,1.0,Agree,0.0,Agree,0.0,Disagree,0.0,Agree,0.0,Disagree,0.0,Agree,0.0,Strongly Agree,1.0,Strongly Disagree,0.0,Strongly Disagree,0.0,Strongly Agree,1.0,Agree,0.0,Strongly Agree,1.0,Agree,0.0,Strongly Disagree,0.0,Strongly Disagree,0.0,Strongly Agree,1.0,Agree,0.0,Agree,0.0,Disagree,0.0,Strongly Agree,1.0,Agree,0.0,Agree,0.0,Disagree,0.0,Strongly Disagree,0.0,Strongly Agree,1.0,Agree,0.0,Agree,0.0,Disagree,0.0,7,27,1.0
2740813,COSC 341 101 2020W,72450,2021-04-15 02:01:13 UTC,1,Disagree,0.0,Disagree,0.0,Strongly Agree,1.0,Disagree,0.0,Agree,0.0,Agree,0.0,Agree,0.0,Agree,0.0,Disagree,0.0,Agree,0.0,Disagree,0.0,Agree,0.0,Agree,0.0,Strongly Agree,1.0,Disagree,0.0,Agree,0.0,Agree,0.0,Agree,0.0,Agree,0.0,Disagree,0.0,Disagree,0.0,Agree,0.0,Agree,0.0,Agree,0.0,Agree,0.0,Strongly Agree,1.0,Agree,0.0,Strongly Agree,1.0,Disagree,0.0,Disagree,0.0,Agree,0.0,Agree,0.0,Strongly Agree,1.0,Agree,0.0,5,29,1.0
2937460,COSC 341 101 2020W,72450,2021-04-14 22:04:21 UTC,1,Disagree,0.0,Strongly Disagree,0.0,Strongly Disagree,0.0,Strongly Disagree,0.0,Strongly Agree,1.0,Strongly Agree,1.0,Strongly Disagree,0.0,Strongly Agree,1.0,Strongly Disagree,0.0,Strongly Agree,1.0,Strongly Agree,1.0,Strongly Disagree,0.0,Strongly Agree,1.0,Strongly Disagree,0.0,Strongly Disagree,0.0,Strongly Agree,1.0,Strongly Agree,1.0,Strongly Agree,1.0,Strongly Agree,1.0,Strongly Disagree,0.0,Strongly Disagree,0.0,Strongly Agree,1.0,Strongly Agree,1.0,Strongly Agree,1.0,Strongly Agree,1.0,Strongly Agree,1.0,Strongly Agree,1.0,Agree,0.0,Strongly Agree,1.0,Strongly Disagree,0.0,Strongly Agree,1.0,Strongly Agree,1.0,Strongly Agree,1.0,Disagree,0.0,20,14,1.0
2647670,COSC 341 101 2020W,72450,2021-04-14 05:31:04 UTC,1,Strongly Disagree,0.0,Disagree,0.0,Strongly Disagree,0.0,Disagree,0.0,Agree,0.0,Strongly Agree,1.0,Disagree,0.0,Agree,0.0,Agree,0.0,Agree,0.0,Disagree,0.0,Disagree,0.0,Agree,0.0,Disagree,0.0,Strongly Disagree,0.0,Agree,0.0,Agree,0.0,Strongly Agree,1.0,Agree,0.0,Agree,0.0,Disagree,0.0,Strongly Agree,1.0,Agree,0.0,Strongly Agree,1.0,Disagree,0.0,Agree,0.0,Agree,0.0,Disagree,0.0,Disagree,0.0,Strongly Disagree,0.0,Agree,0.0,Agree,0.0,Agree,0.0,Agree,0.0,4,30,1.0
6078374,COSC 341 101 2020W,72450,2021-04-14 03:50:25 UTC,1,Strongly Disagree,0.0,Disagree,0.0,Strongly Disagree,0.0,Disagree,0.0,Disagree,0.0,Strongly Agree,1.0,Strongly Disagree,0.0,Agree,0.0,Disagree,0.0,Strongly Agree,1.0,Disagree,0.0,Disagree,0.0,Strongly Agree,1.0,Strongly Disagree,0.0,Strongly Disagree,0.0,Agree,0.0,Agree,0.0,Strongly Agree,1.0,Agree,0.0,Strongly Disagree,0.0,Disagree,0.0,Strongly Agree,1.0,Agree,0.0,Strongly Agree,1.0,Disagree,0.0,Strongly Agree,1.0,Agree,0.0,Strongly Agree,1.0,Disagree,0.0,Strongly Disagree,0.0,Strongly Agree,1.0,Agree,0.0,Agree,0.0,Agree,0.0,9,25,1.0
6861978,COSC 341 101 2020W,72450,2021-04-13 18:19:13 UTC,1,Strongly Disagree,0.0,Strongly Disagree,0.0,Strongly Disagree,0.0,Disagree,0.0,Disagree,0.0,Strongly Agree,1.0,Disagree,0.0,Agree,0.0,Strongly Disagree,0.0,Strongly Agree,1.0,Disagree,0.0,Disagree,0.0,Agree,0.0,Strongly Disagree,0.0,Strongly Disagree,0.0,Agree,0.0,Agree,0.0,Strongly Agree,1.0,Agree,0.0,Disagree,0.0,Disagree,0.0,Strongly Agree,1.0,Disagree,0.0,Strongly Agree,1.0,Disagree,0.0,Strongly Agree,1.0,Strongly Agree,1.0,Disagree,0.0,Strongly Disagree,0.0,Strongly Disagree,0.0,Strongly Agree,1.0,Agree,0.0,Disagree,0.0,Agree,0.0,8,26,1.0
8393527,COSC 341 101 2020W,72450,2021-04-13 00:18:39 UTC,1,Disagree,0.0,Disagree,0.0,Disagree,0.0,Disagree,0.0,Disagree,0.0,Strongly Agree,1.0,Strongly Disagree,0.0,Agree,0.0,Disagree,0.0,Agree,0.0,Disagree,0.0,Disagree,0.0,Strongly Agree,1.0,Disagree,0.0,Disagree,0.0,Agree,0.0,Agree,0.0,Strongly Agree,1.0,Agree,0.0,Disagree,0.0,Disagree,0.0,Agree,0.0,Agree,0.0,Agree,0.0,Agree,0.0,Agree,0.0,Agree,0.0,Disagree,0.0,Agree,0.0,Disagree,0.0,Agree,0.0,Agree,0.0,Disagree,0.0,Disagree,0.0,3,31,1.0
4950537,COSC 341 101 2020W,72450,2021-04-12 23:53:22 UTC,1,Strongly Disagree,0.0,Strongly Disagree,0.0,Strongly Disagree,0.0,Strongly Disagree,0.0,Strongly Disagree,0.0,Strongly Agree,1.0,Disagree,0.0,Strongly Agree,1.0,Strongly Disagree,0.0,Strongly Agree,1.0,Strongly Disagree,0.0,Strongly Disagree,0.0,Strongly Agree,1.0,Strongly Disagree,0.0,Strongly Disagree,0.0,Strongly Agree,1.0,Strongly Agree,1.0,Strongly Agree,1.0,Strongly Agree,1.0,Strongly Disagree,0.0,Strongly Disagree,0.0,Strongly Agree,1.0,Strongly Agree,1.0,Strongly Agree,1.0,Strongly Disagree,0.0,Strongly Agree,1.0,Strongly Agree,1.0,Agree,0.0,Strongly Disagree,0.0,Strongly Disagree,0.0,Strongly Agree,1.0,Strongly Agree,1.0,Strongly Agree,1.0,Strongly Disagree,0.0,16,18,1.0
2154105,COSC 341 101 2020W,72450,2021-04-12 23:24:17 UTC,1,Strongly Disagree,0.0,Strongly Disagree,0.0,Strongly Disagree,0.0,Strongly Agree,1.0,Strongly Disagree,0.0,Strongly Disagree,0.0,Strongly Agree,1.0,Strongly Agree,1.0,Strongly Agree,1.0,Strongly Disagree,0.0,Strongly Agree,1.0,Strongly Agree,1.0,Strongly Disagree,0.0,Strongly Disagree,0.0,Strongly Disagree,0.0,Strongly Disagree,0.0,Strongly Disagree,0.0,Strongly Disagree,0.0,Strongly Disagree,0.0,Strongly Disagree,0.0,Strongly Agree,1.0,Strongly Disagree,0.0,Strongly Disagree,0.0,Disagree,0.0,Strongly Agree,1.0,Strongly Disagree,0.0,Strongly DisagreeÂ ,0.0,Strongly Disagree,0.0,Strongly Agree,1.0,Strongly Disagree,0.0,Strongly Agree,1.0,Strongly Disagree,0.0,Strongly Disagree,0.0,Strongly Disagree,0.0,10,24,1.0
6772488,COSC 341 101 2020W,72450,2021-04-12 21:33:18 UTC,1,Strongly Disagree,0.0,Strongly Disagree,0.0,Strongly Disagree,0.0,Strongly Disagree,0.0,Agree,0.0,Strongly Agree,1.0,Disagree,0.0,Strongly Agree,1.0,Strongly Disagree,0.0,Strongly Agree,1.0,Strongly Disagree,0.0,Strongly Disagree,0.0,Strongly Agree,1.0,Strongly Disagree,0.0,Strongly Disagree,0.0,Strongly Agree,1.0,Strongly Agree,1.0,Strongly Agree,1.0,Strongly Agree,1.0,Strongly Disagree,0.0,Strongly Agree,1.0,Strongly Agree,1.0,Agree,0.0,Strongly Agree,1.0,Strongly Disagree,0.0,Strongly Agree,1.0,Strongly Agree,1.0,Strongly Agree,1.0,Strongly Disagree,0.0,Strongly Disagree,0.0,Strongly Agree,1.0,Strongly Agree,1.0,Strongly Agree,1.0,Disagree,0.0,17,17,1.0
3005552,COSC 341 101 2020W,72450,2021-04-12 20:36:05 UTC,1,Strongly Disagree,0.0,Disagree,0.0,Strongly Disagree,0.0,Disagree,0.0,Disagree,0.0,Strongly Agree,1.0,Disagree,0.0,Agree,0.0,Disagree,0.0,Agree,0.0,Disagree,0.0,Disagree,0.0,Strongly Agree,1.0,Strongly Disagree,0.0,Strongly Disagree,0.0,Agree,0.0,Strongly Agree,1.0,Strongly Agree,1.0,Agree,0.0,Disagree,0.0,Disagree,0.0,Strongly Agree,1.0,Disagree,0.0,Strongly Agree,1.0,Disagree,0.0,Agree,0.0,Agree,0.0,Disagree,0.0,Disagree,0.0,Strongly Disagree,0.0,Strongly Agree,1.0,Agree,0.0,Agree,0.0,Disagree,0.0,7,27,1.0
4411549,COSC 341 101 2020W,72450,2021-04-12 16:24:31 UTC,1,Strongly Disagree,0.0,Strongly Disagree,0.0,Strongly Disagree,0.0,Disagree,0.0,Agree,0.0,Strongly Agree,1.0,Disagree,0.0,Agree,0.0,Disagree,0.0,Agree,0.0,Strongly Disagree,0.0,Disagree,0.0,Strongly Agree,1.0,Strongly Disagree,0.0,Strongly Disagree,0.0,Agree,0.0,Agree,0.0,Strongly Agree,1.0,Agree,0.0,Strongly Disagree,0.0,Disagree,0.0,Strongly Agree,1.0,Strongly Disagree,0.0,Strongly Agree,1.0,Disagree,0.0,Strongly Agree,1.0,Strongly Agree,1.0,Strongly Disagree,0.0,Disagree,0.0,Strongly Disagree,0.0,Strongly Agree,1.0,Agree,0.0,Agree,0.0,Disagree,0.0,8,26,1.0
5991735,COSC 341 101 2020W,72450,2021-04-12 09:58:37 UTC,1,Strongly Disagree,0.0,Disagree,0.0,Strongly Disagree,0.0,Disagree,0.0,Agree,0.0,Strongly Agree,1.0,Disagree,0.0,Agree,0.0,Disagree,0.0,Agree,0.0,Strongly Disagree,0.0,Disagree,0.0,Strongly Agree,1.0,Strongly Disagree,0.0,Strongly Disagree,0.0,Agree,0.0,Agree,0.0,Strongly Agree,1.0,Disagree,0.0,Agree,0.0,Disagree,0.0,Strongly Agree,1.0,Agree,0.0,Strongly Agree,1.0,Disagree,0.0,Agree,0.0,Strongly Agree,1.0,Strongly Disagree,0.0,Agree,0.0,Strongly Disagree,0.0,Agree,0.0,Agree,0.0,Agree,0.0,Agree,0.0,6,28,1.0
8371181,COSC 341 101 2020W,72450,2021-04-12 07:09:02 UTC,1,Strongly Disagree,0.0,Strongly Disagree,0.0,Strongly Disagree,0.0,Disagree,0.0,Disagree,0.0,Strongly Agree,1.0,Disagree,0.0,Agree,0.0,Disagree,0.0,Strongly Agree,1.0,Disagree,0.0,Disagree,0.0,Strongly Agree,1.0,Strongly Disagree,0.0,Strongly Disagree,0.0,Agree,0.0,Agree,0.0,Strongly Agree,1.0,Agree,0.0,Strongly Disagree,0.0,Disagree,0.0,Strongly Agree,1.0,Disagree,0.0,Strongly Agree,1.0,Agree,0.0,Agree,0.0,Strongly Agree,1.0,Agree,0.0,Disagree,0.0,Strongly Disagree,0.0,Strongly Agree,1.0,Disagree,0.0,Agree,0.0,Disagree,0.0,8,26,1.0
9744587,COSC 341 101 2020W,72450,2021-04-12 07:06:42 UTC,1,Disagree,0.0,Strongly Disagree,0.0,Disagree,0.0,Disagree,0.0,Disagree,0.0,Agree,0.0,Strongly Agree,1.0,Disagree,0.0,Agree,0.0,Agree,0.0,Disagree,0.0,Agree,0.0,Strongly Agree,1.0,Strongly Disagree,0.0,Strongly Disagree,0.0,Agree,0.0,Agree,0.0,Strongly Agree,1.0,Disagree,0.0,Strongly Disagree,0.0,Disagree,0.0,Strongly Agree,1.0,Agree,0.0,Agree,0.0,Agree,0.0,Agree,0.0,Agree,0.0,Agree,0.0,Disagree,0.0,Agree,0.0,Disagree,0.0,Disagree,0.0,Disagree,0.0,Agree,0.0,4,30,1.0
3630515,COSC 341 101 2020W,72450,2021-04-12 06:45:31 UTC,1,Disagree,0.0,Disagree,0.0,Disagree,0.0,Agree,0.0,Disagree,0.0,Strongly Agree,1.0,Disagree,0.0,Disagree,0.0,Disagree,0.0,Agree,0.0,Disagree,0.0,Disagree,0.0,Strongly Agree,1.0,Agree,0.0,Disagree,0.0,Disagree,0.0,Agree,0.0,Strongly Agree,1.0,Agree,0.0,Disagree,0.0,Disagree,0.0,Strongly Agree,1.0,Disagree,0.0,Agree,0.0,Disagree,0.0,Agree,0.0,Strongly Agree,1.0,Agree,0.0,Disagree,0.0,Disagree,0.0,Agree,0.0,Disagree,0.0,Agree,0.0,Disagree,0.0,5,29,1.0
1607194,COSC 341 101 2020W,72450,2021-04-12 06:42:07 UTC,1,Disagree,0.0,Disagree,0.0,Agree,0.0,Agree,0.0,Agree,0.0,Agree,0.0,Agree,0.0,Agree,0.0,Strongly Agree,1.0,Agree,0.0,Agree,0.0,Disagree,0.0,Agree,0.0,Agree,0.0,Disagree,0.0,Strongly Agree,1.0,Agree,0.0,Strongly Agree,1.0,Strongly Agree,1.0,Agree,0.0,Strongly Disagree,0.0,Agree,0.0,Agree,0.0,Agree,0.0,Agree,0.0,Agree,0.0,Agree,0.0,Agree,0.0,Agree,0.0,Agree,0.0,Strongly Agree,1.0,Agree,0.0,Agree,0.0,Agree,0.0,5,29,1.0
2631372,COSC 341 101 2020W,72450,2021-04-12 06:22:27 UTC,1,Strongly Disagree,0.0,Disagree,0.0,Strongly Disagree,0.0,Agree,0.0,Disagree,0.0,Strongly Agree,1.0,Agree,0.0,Agree,0.0,Agree,0.0,Disagree,0.0,Disagree,0.0,Agree,0.0,Agree,0.0,Strongly Disagree,0.0,Strongly Disagree,0.0,Agree,0.0,Disagree,0.0,Strongly Agree,1.0,Agree,0.0,Agree,0.0,Disagree,0.0,Strongly Agree,1.0,Disagree,0.0,Strongly Agree,1.0,Agree,0.0,Agree,0.0,Agree,0.0,Agree,0.0,Disagree,0.0,Strongly Disagree,0.0,Agree,0.0,Disagree,0.0,Agree,0.0,Agree,0.0,4,30,1.0
3360200,COSC 341 101 2020W,72450,2021-04-12 06:04:04 UTC,1,Strongly Disagree,0.0,Strongly Disagree,0.0,Strongly Disagree,0.0,Strongly Disagree,0.0,Disagree,0.0,Strongly Agree,1.0,Strongly Disagree,0.0,Strongly Agree,1.0,Strongly Disagree,0.0,Strongly Agree,1.0,Strongly Disagree,0.0,Strongly Disagree,0.0,Strongly Agree,1.0,Strongly Disagree,0.0,Agree,0.0,Strongly Agree,1.0,Strongly Agree,1.0,Strongly Agree,1.0,Strongly Agree,1.0,Strongly Disagree,0.0,Strongly Disagree,0.0,Strongly Agree,1.0,Strongly Agree,1.0,Strongly Agree,1.0,Disagree,0.0,Strongly Agree,1.0,Strongly Agree,1.0,Strongly Agree,1.0,Strongly Disagree,0.0,Strongly Disagree,0.0,Agree,0.0,Strongly Agree,1.0,Strongly Agree,1.0,Agree,0.0,16,18,1.0
3777033,COSC 341 101 2020W,72450,2021-04-12 06:02:47 UTC,1,Disagree,0.0,Disagree,0.0,Strongly Disagree,0.0,Strongly Disagree,0.0,Strongly Disagree,0.0,Strongly Agree,1.0,Strongly Disagree,0.0,Agree,0.0,Strongly Disagree,0.0,Strongly Agree,1.0,Strongly Disagree,0.0,Strongly Disagree,0.0,Strongly Agree,1.0,Disagree,0.0,Strongly Disagree,0.0,Agree,0.0,Strongly Agree,1.0,Strongly Agree,1.0,Strongly Agree,1.0,Disagree,0.0,Disagree,0.0,Strongly Agree,1.0,Agree,0.0,Agree,0.0,Disagree,0.0,Agree,0.0,Strongly Agree,1.0,Disagree,0.0,Strongly Disagree,0.0,Disagree,0.0,Agree,0.0,Agree,0.0,Strongly Agree,1.0,Strongly Disagree,0.0,9,25,1.0
7624796,COSC 341 101 2020W,72450,2021-04-12 06:02:30 UTC,1,Strongly Disagree,0.0,Strongly Disagree,0.0,Strongly Disagree,0.0,Strongly Disagree,0.0,Strongly Agree,1.0,Strongly Agree,1.0,Strongly Disagree,0.0,Agree,0.0,Strongly Disagree,0.0,Strongly Agree,1.0,Strongly Disagree,0.0,Disagree,0.0,Strongly Agree,1.0,Strongly Disagree,0.0,Strongly Disagree,0.0,Strongly Agree,1.0,Strongly Agree,1.0,Strongly Agree,1.0,Strongly Agree,1.0,Strongly Disagree,0.0,Disagree,0.0,Strongly Agree,1.0,Strongly Agree,1.0,Strongly Agree,1.0,Strongly Disagree,0.0,Strongly Agree,1.0,Strongly Agree,1.0,Strongly Agree,1.0,Strongly Disagree,0.0,Strongly Disagree,0.0,Strongly Agree,1.0,Strongly Agree,1.0,Strongly Agree,1.0,Strongly Agree,1.0,18,16,1.0
6827055,COSC 341 101 2020W,72450,2021-04-12 05:42:40 UTC,1,Strongly Disagree,0.0,Strongly Disagree,0.0,Strongly Disagree,0.0,Disagree,0.0,Disagree,0.0,Strongly Agree,1.0,Strongly Disagree,0.0,Agree,0.0,Disagree,0.0,Strongly Agree,1.0,Strongly Disagree,0.0,Disagree,0.0,Strongly Agree,1.0,Strongly Disagree,0.0,Strongly Disagree,0.0,Agree,0.0,Agree,0.0,Strongly Agree,1.0,Agree,0.0,Disagree,0.0,Disagree,0.0,Strongly Agree,1.0,Agree,0.0,Strongly Agree,1.0,Disagree,0.0,Agree,0.0,Strongly Agree,1.0,Agree,0.0,Disagree,0.0,Strongly Disagree,0.0,Strongly Agree,1.0,Agree,0.0,Strongly Agree,1.0,Agree,0.0,9,25,1.0
4466534,COSC 341 101 2020W,72450,2021-04-12 05:25:40 UTC,1,Disagree,0.0,Strongly Disagree,0.0,Strongly Disagree,0.0,Disagree,0.0,Disagree,0.0,Strongly Agree,1.0,Disagree,0.0,Agree,0.0,Strongly Disagree,0.0,Strongly Agree,1.0,Disagree,0.0,Strongly Disagree,0.0,Strongly Agree,1.0,Disagree,0.0,Strongly Disagree,0.0,Strongly Agree,1.0,Strongly Agree,1.0,Strongly Agree,1.0,Strongly Agree,1.0,Strongly Disagree,0.0,Strongly Disagree,0.0,Strongly Agree,1.0,Disagree,0.0,Strongly Agree,1.0,Strongly Disagree,0.0,Strongly Agree,1.0,Strongly Agree,1.0,Disagree,0.0,Strongly Disagree,0.0,Disagree,0.0,Strongly Agree,1.0,Strongly Agree,1.0,Strongly Agree,1.0,Disagree,0.0,14,20,1.0
1702317,COSC 341 101 2020W,72450,2021-04-12 05:17:03 UTC,1,Strongly Disagree,0.0,Strongly Disagree,0.0,Strongly Disagree,0.0,Disagree,0.0,Agree,0.0,Strongly Agree,1.0,Strongly Disagree,0.0,Agree,0.0,Strongly Disagree,0.0,Strongly Agree,1.0,Strongly Disagree,0.0,Strongly Disagree,0.0,Strongly Agree,1.0,Strongly Disagree,0.0,Strongly Disagree,0.0,Agree,0.0,Agree,0.0,Strongly Agree,1.0,Agree,0.0,Disagree,0.0,Disagree,0.0,Strongly Agree,1.0,Agree,0.0,Strongly Agree,1.0,Disagree,0.0,Agree,0.0,Strongly Agree,1.0,Agree,0.0,Agree,0.0,Strongly Disagree,0.0,Agree,0.0,Agree,0.0,Agree,0.0,Disagree,0.0,7,27,1.0
2618758,COSC 341 101 2020W,72450,2021-04-12 04:44:24 UTC,1,Strongly Disagree,0.0,Strongly Disagree,0.0,Disagree,0.0,Disagree,0.0,Disagree,0.0,Strongly Agree,1.0,Disagree,0.0,Agree,0.0,Disagree,0.0,Agree,0.0,Disagree,0.0,Strongly Disagree,0.0,Agree,0.0,Disagree,0.0,Strongly Disagree,0.0,Agree,0.0,Agree,0.0,Strongly Agree,1.0,Agree,0.0,Disagree,0.0,Disagree,0.0,Strongly Agree,1.0,Strongly Agree,1.0,Agree,0.0,Disagree,0.0,Agree,0.0,Strongly Agree,1.0,Agree,0.0,Disagree,0.0,Disagree,0.0,Strongly Agree,1.0,Agree,0.0,Agree,0.0,Agree,0.0,6,28,1.0
9742786,COSC 341 101 2020W,72450,2021-04-12 04:19:05 UTC,1,Strongly Agree,1.0,Strongly Agree,1.0,Strongly Agree,1.0,Agree,0.0,Disagree,0.0,Strongly Disagree,0.0,Strongly Agree,1.0,Agree,0.0,Strongly Agree,1.0,Agree,0.0,Strongly Agree,1.0,Disagree,0.0,Strongly Agree,1.0,Strongly Agree,1.0,Agree,0.0,Disagree,0.0,Disagree,0.0,Agree,0.0,Strongly Agree,1.0,Strongly Agree,1.0,Agree,0.0,Disagree,0.0,Agree,0.0,Agree,0.0,Strongly Agree,1.0,Strongly Agree,1.0,Agree,0.0,Strongly Agree,1.0,Agree,0.0,Disagree,0.0,Agree,0.0,Agree,0.0,Strongly Agree,1.0,Strongly Disagree,0.0,14,20,1.0
6257926,COSC 341 101 2020W,72450,2021-04-12 03:55:52 UTC,1,Disagree,0.0,Disagree,0.0,Disagree,0.0,Disagree,0.0,Agree,0.0,Strongly Agree,1.0,Strongly Disagree,0.0,Disagree,0.0,Disagree,0.0,Agree,0.0,Disagree,0.0,Disagree,0.0,Agree,0.0,Disagree,0.0,Strongly Disagree,0.0,Agree,0.0,Strongly Agree,1.0,Strongly Agree,1.0,Strongly Agree,1.0,Disagree,0.0,Disagree,0.0,Strongly Agree,1.0,Strongly Agree,1.0,Agree,0.0,Disagree,0.0,Strongly Agree,1.0,Strongly Agree,1.0,Disagree,0.0,Disagree,0.0,Disagree,0.0,Strongly Agree,1.0,Strongly Agree,1.0,Agree,0.0,Agree,0.0,10,24,1.0
2289297,COSC 341 101 2020W,72450,2021-04-12 03:49:42 UTC,1,Strongly Disagree,0.0,Disagree,0.0,Strongly Disagree,0.0,Disagree,0.0,Disagree,0.0,Strongly Agree,1.0,Disagree,0.0,Strongly Agree,1.0,Disagree,0.0,Agree,0.0,Strongly Disagree,0.0,Disagree,0.0,Strongly Agree,1.0,Disagree,0.0,Strongly Disagree,0.0,Agree,0.0,Agree,0.0,Strongly Agree,1.0,Agree,0.0,Disagree,0.0,Disagree,0.0,Strongly Agree,1.0,Disagree,0.0,Agree,0.0,Disagree,0.0,Agree,0.0,Agree,0.0,Agree,0.0,Disagree,0.0,Strongly Disagree,0.0,Agree,0.0,Agree,0.0,Agree,0.0,Disagree,0.0,5,29,1.0
4006013,COSC 341 101 2020W,72450,2021-04-12 02:53:12 UTC,1,Strongly Disagree,0.0,Disagree,0.0,Strongly Disagree,0.0,Strongly Disagree,0.0,Disagree,0.0,Strongly Agree,1.0,Disagree,0.0,Strongly Agree,1.0,Strongly Disagree,0.0,Strongly Agree,1.0,Strongly Disagree,0.0,Strongly Disagree,0.0,Strongly Agree,1.0,Strongly Disagree,0.0,Strongly Disagree,0.0,Strongly Agree,1.0,Strongly Agree,1.0,Strongly Agree,1.0,Agree,0.0,Strongly Disagree,0.0,Strongly Disagree,0.0,Strongly Agree,1.0,Disagree,0.0,Strongly Agree,1.0,Strongly Disagree,0.0,Strongly Agree,1.0,Strongly Agree,1.0,Disagree,0.0,Strongly Disagree,0.0,Strongly Disagree,0.0,Agree,0.0,Strongly Agree,1.0,Agree,0.0,Strongly Disagree,0.0,12,22,1.0
6165231,COSC 341 101 2020W,72450,2021-04-12 02:27:16 UTC,1,Strongly Disagree,0.0,Disagree,0.0,Strongly Disagree,0.0,Disagree,0.0,Disagree,0.0,Strongly Agree,1.0,Disagree,0.0,Agree,0.0,Disagree,0.0,Strongly Agree,1.0,Strongly Disagree,0.0,Disagree,0.0,Strongly Agree,1.0,Strongly Disagree,0.0,Strongly Disagree,0.0,Agree,0.0,Agree,0.0,Strongly Agree,1.0,Agree,0.0,Disagree,0.0,Disagree,0.0,Strongly Agree,1.0,Strongly Disagree,0.0,Strongly Agree,1.0,Disagree,0.0,Agree,0.0,Strongly Agree,1.0,Disagree,0.0,Disagree,0.0,Strongly Disagree,0.0,Agree,0.0,Disagree,0.0,Disagree,0.0,Disagree,0.0,7,27,1.0
3173918,COSC 341 101 2020W,72450,2021-04-12 02:24:44 UTC,1,Strongly Disagree,0.0,Disagree,0.0,Strongly Disagree,0.0,Disagree,0.0,Agree,0.0,Strongly Agree,1.0,Strongly Disagree,0.0,Strongly Disagree,0.0,Strongly Disagree,0.0,Strongly Agree,1.0,Strongly Disagree,0.0,Strongly Disagree,0.0,Strongly Agree,1.0,Strongly Disagree,0.0,Strongly Disagree,0.0,Strongly Agree,1.0,Strongly Agree,1.0,Strongly Agree,1.0,Strongly Agree,1.0,Disagree,0.0,Strongly Disagree,0.0,Agree,0.0,Disagree,0.0,Strongly Agree,1.0,Strongly Agree,1.0,Strongly Agree,1.0,Strongly Agree,1.0,Disagree,0.0,Strongly Disagree,0.0,Strongly Disagree,0.0,Strongly Agree,1.0,Strongly Agree,1.0,Strongly Agree,1.0,Disagree,0.0,14,20,1.0
3209321,COSC 341 101 2020W,72450,2021-04-12 01:16:25 UTC,1,Strongly Disagree,0.0,Strongly Disagree,0.0,Strongly Disagree,0.0,Strongly Disagree,0.0,Strongly Agree,1.0,Strongly Agree,1.0,Strongly Disagree,0.0,Strongly Agree,1.0,Strongly Disagree,0.0,Strongly Agree,1.0,Strongly Disagree,0.0,Strongly Disagree,0.0,Strongly Agree,1.0,Strongly Disagree,0.0,Strongly Disagree,0.0,Strongly Agree,1.0,Strongly Agree,1.0,Strongly Agree,1.0,Strongly Agree,1.0,Strongly Disagree,0.0,Strongly Disagree,0.0,Strongly Agree,1.0,Strongly Agree,1.0,Strongly Agree,1.0,Strongly Disagree,0.0,Strongly Agree,1.0,Strongly Agree,1.0,Strongly Agree,1.0,Strongly Disagree,0.0,Strongly Disagree,0.0,Strongly Agree,1.0,Strongly Agree,1.0,Strongly Agree,1.0,Strongly Agree,1.0,19,15,1.0
6057512,COSC 341 101 2020W,72450,2021-04-12 00:55:58 UTC,1,Disagree,0.0,Disagree,0.0,Strongly Disagree,0.0,Disagree,0.0,Disagree,0.0,Strongly Agree,1.0,Strongly Disagree,0.0,Agree,0.0,Disagree,0.0,Strongly Agree,1.0,Strongly Disagree,0.0,Strongly Disagree,0.0,Strongly Agree,1.0,Disagree,0.0,Disagree,0.0,Agree,0.0,Strongly Agree,1.0,Strongly Agree,1.0,Agree,0.0,Disagree,0.0,Disagree,0.0,Strongly Agree,1.0,Agree,0.0,Agree,0.0,Disagree,0.0,Strongly Agree,1.0,Strongly Agree,1.0,Disagree,0.0,Strongly Disagree,0.0,Disagree,0.0,Agree,0.0,Strongly Agree,1.0,Agree,0.0,Disagree,0.0,9,25,1.0
3704966,COSC 341 101 2020W,72450,2021-04-12 00:41:06 UTC,1,Strongly Disagree,0.0,Disagree,0.0,Strongly Disagree,0.0,Disagree,0.0,Disagree,0.0,Strongly Agree,1.0,Disagree,0.0,Agree,0.0,Disagree,0.0,Agree,0.0,Strongly Disagree,0.0,Disagree,0.0,Agree,0.0,Strongly Disagree,0.0,Strongly Disagree,0.0,Agree,0.0,Agree,0.0,Strongly Agree,1.0,Strongly Agree,1.0,Strongly Disagree,0.0,Strongly Disagree,0.0,Strongly Agree,1.0,Disagree,0.0,Agree,0.0,Disagree,0.0,Agree,0.0,Strongly Agree,1.0,Agree,0.0,Disagree,0.0,Disagree,0.0,Agree,0.0,Agree,0.0,Strongly Agree,1.0,Agree,0.0,6,28,1.0
2861630,COSC 341 101 2020W,72450,2021-04-11 23:51:21 UTC,1,Disagree,0.0,Disagree,0.0,Disagree,0.0,Agree,0.0,Disagree,0.0,Agree,0.0,Disagree,0.0,Agree,0.0,Agree,0.0,Agree,0.0,Disagree,0.0,Disagree,0.0,Agree,0.0,Disagree,0.0,Disagree,0.0,Agree,0.0,Agree,0.0,Agree,0.0,Disagree,0.0,Disagree,0.0,Agree,0.0,Agree,0.0,Disagree,0.0,Agree,0.0,Agree,0.0,Disagree,0.0,Agree,0.0,Agree,0.0,Agree,0.0,Disagree,0.0,Agree,0.0,Disagree,0.0,Disagree,0.0,Agree,0.0,0,34,1.0
1838508,COSC 341 101 2020W,72450,2021-04-11 23:48:21 UTC,1,Strongly Disagree,0.0,Disagree,0.0,Strongly Disagree,0.0,Strongly Disagree,0.0,Agree,0.0,Strongly Agree,1.0,Strongly Disagree,0.0,Strongly Agree,1.0,Disagree,0.0,Strongly Agree,1.0,Disagree,0.0,Disagree,0.0,Strongly Agree,1.0,Disagree,0.0,Strongly Disagree,0.0,Strongly Agree,1.0,Strongly Agree,1.0,Strongly Agree,1.0,Strongly Agree,1.0,Disagree,0.0,Strongly Disagree,0.0,Strongly Agree,1.0,Agree,0.0,Strongly Agree,1.0,Disagree,0.0,Strongly Agree,1.0,Strongly Agree,1.0,Disagree,0.0,Strongly Disagree,0.0,Strongly Disagree,0.0,Strongly Agree,1.0,Agree,0.0,Strongly Agree,1.0,Disagree,0.0,14,20,1.0
8235486,COSC 341 101 2020W,72450,2021-04-11 23:31:29 UTC,1,Strongly Disagree,0.0,Disagree,0.0,Strongly Disagree,0.0,Disagree,0.0,Disagree,0.0,Strongly Agree,1.0,Disagree,0.0,Agree,0.0,Disagree,0.0,Strongly Agree,1.0,Strongly Disagree,0.0,Strongly Disagree,0.0,Strongly Agree,1.0,Strongly Disagree,0.0,Strongly Disagree,0.0,Agree,0.0,Strongly Agree,1.0,Strongly Agree,1.0,Agree,0.0,Disagree,0.0,Disagree,0.0,Strongly Agree,1.0,Agree,0.0,Strongly Agree,1.0,Disagree,0.0,Strongly Agree,1.0,Strongly Agree,1.0,Agree,0.0,Disagree,0.0,Strongly Disagree,0.0,Agree,0.0,Agree,0.0,Agree,0.0,Strongly Disagree,0.0,9,25,1.0
9176657,COSC 341 101 2020W,72450,2021-04-11 23:30:06 UTC,1,Strongly Disagree,0.0,Disagree,0.0,Strongly Disagree,0.0,Strongly Disagree,0.0,Agree,0.0,Strongly Agree,1.0,Disagree,0.0,Strongly Agree,1.0,Strongly Disagree,0.0,Strongly Agree,1.0,Strongly Disagree,0.0,Strongly Disagree,0.0,Agree,0.0,Strongly Disagree,0.0,Strongly Disagree,0.0,Strongly Agree,1.0,Strongly Agree,1.0,Strongly Agree,1.0,Agree,0.0,Strongly Disagree,0.0,Strongly Disagree,0.0,Strongly Agree,1.0,Agree,0.0,Strongly Agree,1.0,Strongly Disagree,0.0,Strongly Agree,1.0,Strongly Agree,1.0,Agree,0.0,Strongly Disagree,0.0,Strongly Disagree,0.0,Agree,0.0,Strongly Agree,1.0,Strongly Agree,1.0,Strongly Disagree,0.0,12,22,1.0
4922245,COSC 341 101 2020W,72450,2021-04-11 22:33:13 UTC,1,Strongly Disagree,0.0,Agree,0.0,Strongly Disagree,0.0,Strongly Disagree,0.0,Disagree,0.0,Strongly Agree,1.0,Strongly Disagree,0.0,Agree,0.0,Strongly Disagree,0.0,Strongly Agree,1.0,Strongly Disagree,0.0,Strongly Disagree,0.0,Strongly Agree,1.0,Strongly Disagree,0.0,Strongly Disagree,0.0,Strongly Agree,1.0,Strongly Agree,1.0,Strongly Agree,1.0,Strongly Agree,1.0,Strongly Disagree,0.0,Strongly Disagree,0.0,Strongly Agree,1.0,Disagree,0.0,Strongly Agree,1.0,Strongly Disagree,0.0,Strongly Agree,1.0,Strongly Agree,1.0,Agree,0.0,Strongly Disagree,0.0,Strongly Disagree,0.0,Disagree,0.0,Strongly Agree,1.0,Strongly Agree,1.0,Strongly Agree,1.0,14,20,1.0
1784979,COSC 341 101 2020W,72450,2021-04-11 20:44:03 UTC,1,Strongly Disagree,0.0,Strongly Disagree,0.0,Strongly Disagree,0.0,Disagree,0.0,Disagree,0.0,Strongly Agree,1.0,Agree,0.0,Strongly Agree,1.0,Disagree,0.0,Agree,0.0,Strongly Disagree,0.0,Disagree,0.0,Strongly Agree,1.0,Strongly Disagree,0.0,Strongly Disagree,0.0,Agree,0.0,Agree,0.0,Strongly Agree,1.0,Agree,0.0,Disagree,0.0,Disagree,0.0,Strongly Agree,1.0,Disagree,0.0,Strongly Agree,1.0,Disagree,0.0,Strongly Agree,1.0,Agree,0.0,Disagree,0.0,Disagree,0.0,Strongly Disagree,0.0,Strongly Agree,1.0,Agree,0.0,Agree,0.0,Disagree,0.0,8,26,1.0
8736180,COSC 341 101 2020W,72450,2021-04-11 20:15:10 UTC,1,Strongly Disagree,0.0,Strongly Disagree,0.0,Strongly Disagree,0.0,Disagree,0.0,Disagree,0.0,Strongly Agree,1.0,Disagree,0.0,Strongly Agree,1.0,Disagree,0.0,Agree,0.0,Strongly Disagree,0.0,Disagree,0.0,Agree,0.0,Strongly Disagree,0.0,Strongly Disagree,0.0,Agree,0.0,Agree,0.0,Strongly Agree,1.0,Agree,0.0,Strongly Disagree,0.0,Disagree,0.0,Strongly Agree,1.0,Disagree,0.0,Strongly Agree,1.0,Disagree,0.0,Agree,0.0,Strongly Agree,1.0,Disagree,0.0,Disagree,0.0,Strongly Disagree,0.0,Agree,0.0,Agree,0.0,Agree,0.0,Disagree,0.0,6,28,1.0
7894105,COSC 341 101 2020W,72450,2021-04-11 19:55:49 UTC,1,Disagree,0.0,Disagree,0.0,Disagree,0.0,Disagree,0.0,Agree,0.0,Agree,0.0,Disagree,0.0,Agree,0.0,Disagree,0.0,Agree,0.0,Disagree,0.0,Disagree,0.0,Agree,0.0,Disagree,0.0,Disagree,0.0,Agree,0.0,Agree,0.0,Agree,0.0,Agree,0.0,Disagree,0.0,Disagree,0.0,Agree,0.0,Agree,0.0,Agree,0.0,Disagree,0.0,Agree,0.0,Agree,0.0,Agree,0.0,Disagree,0.0,Agree,0.0,Agree,0.0,Agree,0.0,Agree,0.0,Agree,0.0,0,34,1.0
8692236,COSC 341 101 2020W,72450,2021-04-11 18:20:00 UTC,1,Disagree,0.0,Agree,0.0,Strongly Disagree,0.0,Disagree,0.0,Disagree,0.0,Strongly Agree,1.0,Disagree,0.0,Agree,0.0,Disagree,0.0,Strongly Agree,1.0,Disagree,0.0,Disagree,0.0,Agree,0.0,Strongly Disagree,0.0,Strongly Disagree,0.0,Agree,0.0,Agree,0.0,Strongly Agree,1.0,Agree,0.0,Disagree,0.0,Strongly Disagree,0.0,Strongly Agree,1.0,Disagree,0.0,Strongly Agree,1.0,Disagree,0.0,Strongly Agree,1.0,Agree,0.0,Disagree,0.0,Strongly Disagree,0.0,Strongly Disagree,0.0,Agree,0.0,Agree,0.0,Agree,0.0,Disagree,0.0,6,28,1.0
3195820,COSC 341 101 2020W,72450,2021-04-11 05:28:15 UTC,1,Strongly Disagree,0.0,Strongly Disagree,0.0,Strongly Disagree,0.0,Strongly Disagree,0.0,Agree,0.0,Strongly Agree,1.0,Strongly Disagree,0.0,Strongly Agree,1.0,Strongly Disagree,0.0,Strongly Agree,1.0,Strongly Disagree,0.0,Strongly Disagree,0.0,Strongly Agree,1.0,Strongly Disagree,0.0,Strongly Disagree,0.0,Strongly Agree,1.0,Strongly Agree,1.0,Strongly Agree,1.0,Strongly Agree,1.0,Disagree,0.0,Strongly Disagree,0.0,Strongly Agree,1.0,Strongly Agree,1.0,Strongly Agree,1.0,Strongly Disagree,0.0,Strongly Agree,1.0,Strongly Agree,1.0,Strongly Agree,1.0,Strongly Disagree,0.0,Strongly Disagree,0.0,Strongly Agree,1.0,Strongly Agree,1.0,Strongly Agree,1.0,Disagree,0.0,17,17,1.0
9066340,COSC 341 101 2020W,72450,2021-04-11 03:03:52 UTC,1,Strongly Disagree,0.0,Disagree,0.0,Strongly Disagree,0.0,Disagree,0.0,Disagree,0.0,Strongly Agree,1.0,Agree,0.0,Agree,0.0,Disagree,0.0,Strongly Agree,1.0,Strongly Disagree,0.0,Disagree,0.0,Strongly Agree,1.0,Strongly Disagree,0.0,Strongly Disagree,0.0,Strongly Agree,1.0,Agree,0.0,Strongly Disagree,0.0,Agree,0.0,Strongly Disagree,0.0,Strongly Disagree,0.0,Strongly Agree,1.0,Disagree,0.0,Strongly Agree,1.0,Disagree,0.0,Strongly Agree,1.0,Strongly Agree,1.0,Strongly Agree,1.0,Disagree,0.0,Strongly Disagree,0.0,Strongly Agree,1.0,Strongly Agree,1.0,Agree,0.0,Agree,0.0,11,23,1.0
2638547,COSC 341 101 2020W,72450,2021-04-11 02:39:51 UTC,1,Strongly Disagree,0.0,Disagree,0.0,Strongly Disagree,0.0,Disagree,0.0,Agree,0.0,Strongly Agree,1.0,Strongly Agree,1.0,Agree,0.0,Disagree,0.0,Agree,0.0,Disagree,0.0,Disagree,0.0,Strongly Agree,1.0,Strongly Disagree,0.0,Strongly Disagree,0.0,Agree,0.0,Agree,0.0,Strongly Agree,1.0,Agree,0.0,Disagree,0.0,Disagree,0.0,Strongly Agree,1.0,Agree,0.0,Strongly Agree,1.0,Disagree,0.0,Strongly Agree,1.0,Strongly Agree,1.0,Agree,0.0,Disagree,0.0,Strongly Disagree,0.0,Agree,0.0,Agree,0.0,Agree,0.0,Strongly Disagree,0.0,8,26,1.0
9810479,COSC 341 101 2020W,72450,2021-04-11 01:29:33 UTC,1,Strongly Disagree,0.0,Disagree,0.0,Strongly Disagree,0.0,Disagree,0.0,Agree,0.0,Strongly Agree,1.0,Agree,0.0,Agree,0.0,Disagree,0.0,Agree,0.0,Strongly Disagree,0.0,Disagree,0.0,Agree,0.0,Strongly Disagree,0.0,Strongly Disagree,0.0,Agree,0.0,Agree,0.0,Strongly Agree,1.0,Agree,0.0,Disagree,0.0,Strongly Disagree,0.0,Strongly Agree,1.0,Disagree,0.0,Strongly Agree,1.0,Strongly Disagree,0.0,Strongly Agree,1.0,Strongly Agree,1.0,Agree,0.0,Agree,0.0,Strongly Disagree,0.0,Agree,0.0,Agree,0.0,Agree,0.0,Disagree,0.0,6,28,1.0
8717334,COSC 341 101 2020W,72450,2021-04-11 01:10:38 UTC,1,Strongly Disagree,0.0,Strongly Disagree,0.0,Strongly Disagree,0.0,Strongly Disagree,0.0,Strongly Agree,1.0,Strongly Agree,1.0,Strongly Disagree,0.0,Strongly Agree,1.0,Strongly Disagree,0.0,Strongly Agree,1.0,Strongly Disagree,0.0,Strongly Disagree,0.0,Strongly Agree,1.0,Strongly Disagree,0.0,Strongly Disagree,0.0,Strongly Agree,1.0,Strongly Agree,1.0,Strongly Agree,1.0,Strongly Agree,1.0,Strongly Disagree,0.0,Strongly Disagree,0.0,Strongly Agree,1.0,Strongly Agree,1.0,Strongly Agree,1.0,Strongly Disagree,0.0,Strongly Agree,1.0,Strongly Agree,1.0,Agree,0.0,Strongly Agree,1.0,Strongly Disagree,0.0,Strongly Agree,1.0,Strongly Agree,1.0,Strongly Agree,1.0,Agree,0.0,18,16,1.0
5452575,COSC 341 101 2020W,72450,2021-04-11 00:42:31 UTC,1,Strongly Disagree,0.0,Strongly Disagree,0.0,Strongly Disagree,0.0,Agree,0.0,Agree,0.0,Strongly Agree,1.0,Disagree,0.0,Agree,0.0,Disagree,0.0,Strongly Agree,1.0,Strongly Disagree,0.0,Strongly Disagree,0.0,Strongly Agree,1.0,Strongly Disagree,0.0,Strongly Disagree,0.0,Disagree,0.0,Agree,0.0,Strongly Agree,1.0,Strongly Agree,1.0,Disagree,0.0,Disagree,0.0,Strongly Agree,1.0,Disagree,0.0,Strongly Agree,1.0,Disagree,0.0,Agree,0.0,Strongly Agree,1.0,Disagree,0.0,Disagree,0.0,Strongly Disagree,0.0,Strongly Agree,1.0,Agree,0.0,Disagree,0.0,Disagree,0.0,9,25,1.0
8733315,COSC 341 101 2020W,72450,2021-04-10 22:37:20 UTC,1,Strongly Disagree,0.0,Disagree,0.0,Strongly Disagree,0.0,Strongly Disagree,0.0,Agree,0.0,Strongly Agree,1.0,Disagree,0.0,Strongly Agree,1.0,Strongly Disagree,0.0,Strongly Agree,1.0,Disagree,0.0,Disagree,0.0,Strongly Agree,1.0,Strongly Disagree,0.0,Strongly Disagree,0.0,Strongly Agree,1.0,Strongly Agree,1.0,Strongly Agree,1.0,Agree,0.0,Agree,0.0,Strongly Disagree,0.0,Strongly Agree,1.0,Agree,0.0,Strongly Agree,1.0,Disagree,0.0,Strongly Agree,1.0,Strongly Agree,1.0,Disagree,0.0,Disagree,0.0,Strongly Disagree,0.0,Agree,0.0,Agree,0.0,Agree,0.0,Agree,0.0,11,23,1.0
5961204,COSC 341 101 2020W,72450,2021-04-10 20:48:10 UTC,1,Disagree,0.0,Strongly Agree,1.0,Strongly Agree,1.0,Strongly Agree,1.0,Strongly Agree,1.0,Strongly Agree,1.0,Strongly Agree,1.0,Strongly Agree,1.0,Disagree,0.0,Strongly Agree,1.0,Strongly Agree,1.0,Strongly Agree,1.0,Strongly Agree,1.0,Disagree,0.0,Strongly Agree,1.0,Strongly Agree,1.0,Strongly Agree,1.0,Strongly Agree,1.0,Strongly Agree,1.0,Strongly Disagree,0.0,Strongly Agree,1.0,Strongly Agree,1.0,Strongly Agree,1.0,Strongly Agree,1.0,Strongly Agree,1.0,Strongly Agree,1.0,Strongly Agree,1.0,Strongly Agree,1.0,Strongly Agree,1.0,Strongly Agree,1.0,Strongly Agree,1.0,Strongly Agree,1.0,Agree,0.0,Strongly Agree,1.0,29,5,1.0
3962285,COSC 341 101 2020W,72450,2021-04-10 18:04:43 UTC,1,Strongly Disagree,0.0,Disagree,0.0,Strongly Disagree,0.0,Disagree,0.0,Disagree,0.0,Strongly Agree,1.0,Strongly Disagree,0.0,Agree,0.0,Strongly Disagree,0.0,Agree,0.0,Strongly Disagree,0.0,Strongly Disagree,0.0,Strongly Agree,1.0,Strongly Disagree,0.0,Strongly Disagree,0.0,Strongly Agree,1.0,Agree,0.0,Strongly Agree,1.0,Strongly Agree,1.0,Strongly Disagree,0.0,Strongly Disagree,0.0,Strongly Agree,1.0,Disagree,0.0,Strongly Agree,1.0,Strongly Disagree,0.0,Agree,0.0,Strongly Agree,1.0,Disagree,0.0,Strongly Agree,1.0,Strongly Disagree,0.0,Disagree,0.0,Strongly Agree,1.0,Strongly Agree,1.0,Disagree,0.0,11,23,1.0
4121537,COSC 341 101 2020W,72450,2021-04-10 17:49:42 UTC,1,Strongly Disagree,0.0,Agree,0.0,Strongly Disagree,0.0,Disagree,0.0,Disagree,0.0,Strongly Agree,1.0,Disagree,0.0,Agree,0.0,Disagree,0.0,Agree,0.0,Disagree,0.0,Disagree,0.0,Strongly Agree,1.0,Strongly Disagree,0.0,Strongly Disagree,0.0,Agree,0.0,Agree,0.0,Strongly Agree,1.0,Disagree,0.0,Strongly Disagree,0.0,Disagree,0.0,Strongly Agree,1.0,Disagree,0.0,Strongly Agree,1.0,Agree,0.0,Agree,0.0,Agree,0.0,Disagree,0.0,Disagree,0.0,Strongly Disagree,0.0,Disagree,0.0,Agree,0.0,Agree,0.0,Disagree,0.0,5,29,1.0
6839112,COSC 341 101 2020W,72450,2021-04-10 04:57:21 UTC,1,Strongly Disagree,0.0,Disagree,0.0,Strongly Disagree,0.0,Disagree,0.0,Disagree,0.0,Strongly Agree,1.0,Disagree,0.0,Agree,0.0,Disagree,0.0,Agree,0.0,Disagree,0.0,Disagree,0.0,Agree,0.0,Disagree,0.0,Strongly Disagree,0.0,Agree,0.0,Agree,0.0,Strongly Agree,1.0,Agree,0.0,Strongly Disagree,0.0,Disagree,0.0,Strongly Agree,1.0,Strongly Agree,1.0,Strongly Agree,1.0,Disagree,0.0,Agree,0.0,Agree,0.0,Disagree,0.0,Disagree,0.0,Disagree,0.0,Agree,0.0,Agree,0.0,Agree,0.0,Disagree,0.0,5,29,1.0
8975820,COSC 341 101 2020W,72450,2021-04-10 04:46:52 UTC,1,Strongly Disagree,0.0,Strongly Disagree,0.0,Strongly Disagree,0.0,Strongly Disagree,0.0,Strongly Agree,1.0,Disagree,0.0,Strongly Disagree,0.0,Strongly Agree,1.0,Strongly Disagree,0.0,Strongly Agree,1.0,Strongly Disagree,0.0,Strongly Disagree,0.0,Strongly Agree,1.0,Strongly Disagree,0.0,Strongly Disagree,0.0,Strongly Agree,1.0,Strongly Agree,1.0,Strongly Agree,1.0,Strongly Agree,1.0,Strongly Disagree,0.0,Strongly Disagree,0.0,Strongly Agree,1.0,Strongly Agree,1.0,Disagree,0.0,Disagree,0.0,Strongly Agree,1.0,Strongly Agree,1.0,Strongly Agree,1.0,Strongly Disagree,0.0,Strongly Disagree,0.0,Strongly Agree,1.0,Strongly Agree,1.0,Strongly Agree,1.0,Strongly Agree,1.0,17,17,1.0
4427100,COSC 341 101 2020W,72450,2021-04-10 04:10:06 UTC,1,Strongly Disagree,0.0,Disagree,0.0,Strongly Disagree,0.0,Strongly Disagree,0.0,Agree,0.0,Strongly Agree,1.0,Disagree,0.0,Strongly Agree,1.0,Strongly Disagree,0.0,Strongly Agree,1.0,Strongly Disagree,0.0,Strongly Agree,1.0,Strongly Agree,1.0,Disagree,0.0,Strongly Disagree,0.0,Strongly Agree,1.0,Strongly Agree,1.0,Strongly Agree,1.0,Strongly Agree,1.0,Strongly Disagree,0.0,Strongly Disagree,0.0,Agree,0.0,Strongly Disagree,0.0,Agree,0.0,Strongly Disagree,0.0,Strongly Agree,1.0,Strongly Agree,1.0,Agree,0.0,Strongly Disagree,0.0,Disagree,0.0,Agree,0.0,Strongly Agree,1.0,Strongly Agree,1.0,Disagree,0.0,13,21,1.0
8109799,COSC 341 101 2020W,72450,2021-04-10 02:39:56 UTC,1,Strongly Disagree,0.0,Disagree,0.0,Strongly Disagree,0.0,Disagree,0.0,Disagree,0.0,Strongly Agree,1.0,Agree,0.0,Agree,0.0,Disagree,0.0,Strongly Agree,1.0,Disagree,0.0,Strongly Disagree,0.0,Disagree,0.0,Agree,0.0,Strongly Disagree,0.0,Agree,0.0,Agree,0.0,Strongly Agree,1.0,Agree,0.0,Disagree,0.0,Disagree,0.0,Strongly Agree,1.0,Strongly Disagree,0.0,Strongly Agree,1.0,Disagree,0.0,Strongly Agree,1.0,Agree,0.0,Strongly Disagree,0.0,Disagree,0.0,Strongly Disagree,0.0,Agree,0.0,Agree,0.0,Agree,0.0,Strongly Disagree,0.0,6,28,1.0
6135450,COSC 341 101 2020W,72450,2021-04-10 02:28:17 UTC,1,Strongly Disagree,0.0,Strongly Disagree,0.0,Strongly Disagree,0.0,Strongly Disagree,0.0,Agree,0.0,Strongly Agree,1.0,Disagree,0.0,Agree,0.0,Disagree,0.0,Strongly Agree,1.0,Disagree,0.0,Strongly Disagree,0.0,Strongly Agree,1.0,Strongly Disagree,0.0,Strongly Disagree,0.0,Strongly Agree,1.0,Agree,0.0,Strongly Agree,1.0,Strongly Agree,1.0,Strongly Disagree,0.0,Disagree,0.0,Strongly Agree,1.0,Agree,0.0,Strongly Agree,1.0,Strongly Disagree,0.0,Strongly Agree,1.0,Strongly Agree,1.0,Disagree,0.0,Strongly Disagree,0.0,Strongly Disagree,0.0,Strongly Agree,1.0,Agree,0.0,Agree,0.0,Disagree,0.0,11,23,1.0
3817174,COSC 341 101 2020W,72450,2021-04-10 01:04:03 UTC,1,Strongly Disagree,0.0,Strongly Disagree,0.0,Strongly Disagree,0.0,Disagree,0.0,Disagree,0.0,Strongly Agree,1.0,Strongly Disagree,0.0,Agree,0.0,Disagree,0.0,Strongly Agree,1.0,Strongly Disagree,0.0,Disagree,0.0,Strongly Agree,1.0,Strongly Disagree,0.0,Strongly Disagree,0.0,Agree,0.0,Strongly Agree,1.0,Strongly Agree,1.0,Strongly Agree,1.0,Strongly Disagree,0.0,Disagree,0.0,Strongly Agree,1.0,Disagree,0.0,Strongly Agree,1.0,Disagree,0.0,Agree,0.0,Strongly Agree,1.0,Disagree,0.0,Strongly Disagree,0.0,Strongly Disagree,0.0,Strongly Agree,1.0,Strongly Agree,1.0,Agree,0.0,Disagree,0.0,11,23,1.0
3628601,COSC 341 101 2020W,72450,2021-04-10 00:36:14 UTC,1,Strongly Disagree,0.0,Strongly Disagree,0.0,Strongly Disagree,0.0,Disagree,0.0,Disagree,0.0,Strongly Agree,1.0,Strongly Disagree,0.0,Agree,0.0,Disagree,0.0,Strongly Agree,1.0,Strongly Disagree,0.0,Disagree,0.0,Strongly Agree,1.0,Strongly Disagree,0.0,Strongly Disagree,0.0,Agree,0.0,Agree,0.0,Strongly Agree,1.0,Agree,0.0,Disagree,0.0,Disagree,0.0,Strongly Agree,1.0,Disagree,0.0,Agree,0.0,Disagree,0.0,Agree,0.0,Strongly Agree,1.0,Disagree,0.0,Disagree,0.0,Strongly Disagree,0.0,Strongly Agree,1.0,Agree,0.0,Agree,0.0,Disagree,0.0,7,27,1.0
7015833,COSC 341 101 2020W,72450,2021-04-10 00:31:48 UTC,1,Disagree,0.0,Disagree,0.0,Disagree,0.0,Disagree,0.0,Disagree,0.0,Agree,0.0,Disagree,0.0,Agree,0.0,Disagree,0.0,Agree,0.0,Disagree,0.0,Disagree,0.0,Agree,0.0,Disagree,0.0,Disagree,0.0,Agree,0.0,Agree,0.0,Agree,0.0,Agree,0.0,Disagree,0.0,Disagree,0.0,Agree,0.0,Agree,0.0,Agree,0.0,Disagree,0.0,Agree,0.0,Agree,0.0,Disagree,0.0,Disagree,0.0,Disagree,0.0,Agree,0.0,Agree,0.0,Agree,0.0,Agree,0.0,0,34,1.0
6797783,COSC 341 101 2020W,72450,2021-04-09 23:31:38 UTC,1,Disagree,0.0,Disagree,0.0,Disagree,0.0,Disagree,0.0,Disagree,0.0,Agree,0.0,Disagree,0.0,Agree,0.0,Disagree,0.0,Agree,0.0,Disagree,0.0,Disagree,0.0,Agree,0.0,Disagree,0.0,Disagree,0.0,Agree,0.0,Agree,0.0,Agree,0.0,Disagree,0.0,Disagree,0.0,Disagree,0.0,Agree,0.0,Disagree,0.0,Agree,0.0,Disagree,0.0,Agree,0.0,Agree,0.0,Agree,0.0,Disagree,0.0,Disagree,0.0,Agree,0.0,Disagree,0.0,Disagree,0.0,,0.0,0,34,1.0
5441260,COSC 341 101 2020W,72450,2021-04-09 23:07:51 UTC,1,Strongly Disagree,0.0,Disagree,0.0,Strongly Disagree,0.0,Strongly Agree,1.0,Agree,0.0,Agree,0.0,Agree,0.0,Agree,0.0,Disagree,0.0,Strongly Agree,1.0,Disagree,0.0,Disagree,0.0,Strongly Agree,1.0,Disagree,0.0,Strongly Disagree,0.0,Agree,0.0,Strongly Agree,1.0,Strongly Agree,1.0,Disagree,0.0,Disagree,0.0,Strongly Agree,1.0,Agree,0.0,Strongly Disagree,0.0,Strongly Agree,1.0,Agree,0.0,Agree,0.0,Agree,0.0,Agree,0.0,Strongly Agree,1.0,Strongly Disagree,0.0,Agree,0.0,Agree,0.0,Agree,0.0,Agree,0.0,8,26,1.0
2297496,COSC 341 101 2020W,72450,2021-04-09 21:53:59 UTC,1,Strongly Disagree,0.0,Strongly Disagree,0.0,Strongly Disagree,0.0,Strongly Disagree,0.0,Agree,0.0,Agree,0.0,Strongly Disagree,0.0,Strongly Agree,1.0,Disagree,0.0,Strongly Agree,1.0,Disagree,0.0,Disagree,0.0,Strongly Agree,1.0,Strongly Disagree,0.0,Strongly Disagree,0.0,Strongly Agree,1.0,Strongly Agree,1.0,Strongly Agree,1.0,Strongly Agree,1.0,Disagree,0.0,Strongly Disagree,0.0,Strongly Agree,1.0,Agree,0.0,Strongly Agree,1.0,Strongly Disagree,0.0,Strongly Agree,1.0,Strongly Agree,1.0,Disagree,0.0,Disagree,0.0,Strongly Disagree,0.0,Agree,0.0,Strongly Agree,1.0,Strongly Agree,1.0,Agree,0.0,13,21,1.0
3500055,COSC 341 101 2020W,72450,2021-04-09 21:13:25 UTC,1,Disagree,0.0,Disagree,0.0,Disagree,0.0,Disagree,0.0,Disagree,0.0,Strongly Agree,1.0,Disagree,0.0,Strongly Agree,1.0,Disagree,0.0,Agree,0.0,Disagree,0.0,Disagree,0.0,Strongly Agree,1.0,Disagree,0.0,Strongly Disagree,0.0,Agree,0.0,Agree,0.0,Agree,0.0,Strongly Agree,1.0,Strongly Disagree,0.0,Disagree,0.0,Strongly Agree,1.0,Agree,0.0,Agree,0.0,Disagree,0.0,Agree,0.0,Agree,0.0,Agree,0.0,Disagree,0.0,Disagree,0.0,Agree,0.0,Agree,0.0,Agree,0.0,Agree,0.0,5,29,1.0
3417203,COSC 341 101 2020W,72450,2021-04-09 18:57:24 UTC,1,Strongly Disagree,0.0,Disagree,0.0,Strongly Disagree,0.0,Disagree,0.0,Disagree,0.0,Strongly Agree,1.0,Disagree,0.0,Agree,0.0,Disagree,0.0,Agree,0.0,Disagree,0.0,Disagree,0.0,Agree,0.0,Strongly Disagree,0.0,Strongly Disagree,0.0,Agree,0.0,Agree,0.0,Strongly Agree,1.0,Agree,0.0,Disagree,0.0,Disagree,0.0,Strongly Agree,1.0,Disagree,0.0,Strongly Agree,1.0,Disagree,0.0,Agree,0.0,Agree,0.0,Disagree,0.0,Disagree,0.0,Strongly Disagree,0.0,Agree,0.0,Agree,0.0,Agree,0.0,Strongly Disagree,0.0,4,30,1.0
1584309,COSC 541 101 2020W,74324,2021-04-09 18:34:23 UTC,1,Strongly Disagree,0.0,Strongly Disagree,0.0,Strongly Disagree,0.0,Strongly Disagree,0.0,Strongly Agree,1.0,Strongly Agree,1.0,Disagree,0.0,Strongly Agree,1.0,Strongly Disagree,0.0,Agree,0.0,Strongly Disagree,0.0,Disagree,0.0,Strongly Agree,1.0,Strongly Disagree,0.0,Strongly Disagree,0.0,Strongly Agree,1.0,Agree,0.0,Strongly Agree,1.0,Strongly Agree,1.0,Strongly Disagree,0.0,Strongly Disagree,0.0,Strongly Agree,1.0,Strongly Agree,1.0,Strongly Agree,1.0,Strongly Disagree,0.0,Strongly Agree,1.0,Strongly Agree,1.0,Disagree,0.0,Strongly Disagree,0.0,Strongly Disagree,0.0,Strongly Agree,1.0,Agree,0.0,Strongly Agree,1.0,Disagree,0.0,14,20,1.0
4417113,COSC 341 101 2020W,72450,2021-04-09 17:10:30 UTC,1,Strongly Disagree,0.0,Strongly Disagree,0.0,Strongly Disagree,0.0,Strongly Disagree,0.0,Disagree,0.0,Strongly Agree,1.0,Agree,0.0,Agree,0.0,Disagree,0.0,Agree,0.0,Strongly Disagree,0.0,Strongly Disagree,0.0,Strongly Agree,1.0,Strongly Disagree,0.0,Strongly Disagree,0.0,Strongly Agree,1.0,Strongly Agree,1.0,Strongly Agree,1.0,Strongly Agree,1.0,Strongly Disagree,0.0,Disagree,0.0,Strongly Agree,1.0,Agree,0.0,Strongly Agree,1.0,Disagree,0.0,Agree,0.0,Strongly Agree,1.0,Disagree,0.0,Strongly Disagree,0.0,Strongly Disagree,0.0,Strongly Agree,1.0,Strongly Agree,1.0,Agree,0.0,Disagree,0.0,11,23,1.0
6171724,COSC 341 101 2020W,72450,2021-04-09 12:44:40 UTC,1,Strongly Disagree,0.0,Strongly Disagree,0.0,Strongly Disagree,0.0,Disagree,0.0,Agree,0.0,Strongly Agree,1.0,Agree,0.0,Agree,0.0,Disagree,0.0,Strongly Agree,1.0,Strongly Disagree,0.0,Disagree,0.0,Strongly Agree,1.0,Disagree,0.0,Strongly Disagree,0.0,Agree,0.0,Strongly Agree,1.0,Strongly Agree,1.0,Agree,0.0,Strongly Disagree,0.0,Strongly Disagree,0.0,Agree,0.0,Agree,0.0,Strongly Agree,1.0,Agree,0.0,Strongly Agree,1.0,Agree,0.0,Agree,0.0,Disagree,0.0,Strongly Disagree,0.0,Strongly Agree,1.0,Strongly Agree,1.0,Disagree,0.0,Agree,0.0,9,25,1.0
9401179,COSC 341 101 2020W,72450,2021-04-09 08:11:07 UTC,1,Strongly Disagree,0.0,Strongly Disagree,0.0,Strongly Disagree,0.0,Agree,0.0,Strongly Agree,1.0,Strongly Agree,1.0,Agree,0.0,Agree,0.0,Strongly Agree,1.0,Disagree,0.0,Strongly Disagree,0.0,Disagree,0.0,Strongly Agree,1.0,Strongly Disagree,0.0,Strongly Disagree,0.0,Disagree,0.0,Disagree,0.0,Strongly Agree,1.0,Disagree,0.0,Strongly Disagree,0.0,Strongly Agree,1.0,Strongly Agree,1.0,Agree,0.0,Strongly Agree,1.0,Agree,0.0,Strongly Disagree,0.0,Agree,0.0,Disagree,0.0,Strongly Agree,1.0,Strongly Disagree,0.0,Agree,0.0,Disagree,0.0,Strongly Disagree,0.0,Disagree,0.0,9,25,1.0
6311520,COSC 341 101 2020W,72450,2021-04-09 05:50:39 UTC,1,Strongly Disagree,0.0,Disagree,0.0,Strongly Disagree,0.0,Disagree,0.0,Agree,0.0,Strongly Agree,1.0,Disagree,0.0,Agree,0.0,Disagree,0.0,Strongly Agree,1.0,Disagree,0.0,Disagree,0.0,Strongly Agree,1.0,Strongly Disagree,0.0,Strongly Disagree,0.0,Agree,0.0,Agree,0.0,Strongly Agree,1.0,Agree,0.0,Strongly Disagree,0.0,Disagree,0.0,Strongly Agree,1.0,Strongly Disagree,0.0,Strongly Agree,1.0,Disagree,0.0,Strongly Agree,1.0,Strongly Agree,1.0,Agree,0.0,Disagree,0.0,Strongly Disagree,0.0,Strongly Agree,1.0,Agree,0.0,Agree,0.0,Disagree,0.0,9,25,1.0
8799357,COSC 341 101 2020W,72450,2021-04-09 05:08:32 UTC,1,Strongly Disagree,0.0,Disagree,0.0,Strongly Disagree,0.0,Disagree,0.0,Agree,0.0,Strongly Agree,1.0,Disagree,0.0,Strongly Agree,1.0,Disagree,0.0,Strongly Agree,1.0,Disagree,0.0,Disagree,0.0,Strongly Agree,1.0,Strongly Disagree,0.0,Strongly Disagree,0.0,Agree,0.0,Agree,0.0,Strongly Agree,1.0,Agree,0.0,Strongly Disagree,0.0,Disagree,0.0,Strongly Agree,1.0,Agree,0.0,Agree,0.0,Disagree,0.0,Strongly Agree,1.0,Strongly Agree,1.0,Agree,0.0,Strongly Disagree,0.0,Strongly Disagree,0.0,Agree,0.0,Agree,0.0,Agree,0.0,Agree,0.0,8,26,1.0
3261610,COSC 341 101 2020W,72450,2021-04-09 04:10:16 UTC,1,Strongly Disagree,0.0,Disagree,0.0,Strongly Disagree,0.0,Agree,0.0,Disagree,0.0,Agree,0.0,Agree,0.0,Agree,0.0,Agree,0.0,Agree,0.0,Disagree,0.0,Disagree,0.0,Agree,0.0,Strongly Disagree,0.0,Strongly Disagree,0.0,Disagree,0.0,Agree,0.0,Agree,0.0,Disagree,0.0,Strongly Disagree,0.0,Agree,0.0,Agree,0.0,Strongly Disagree,0.0,Strongly Agree,1.0,Agree,0.0,Disagree,0.0,Agree,0.0,Strongly Disagree,0.0,Agree,0.0,Strongly Disagree,0.0,Agree,0.0,Disagree,0.0,Disagree,0.0,Agree,0.0,1,33,1.0
2856065,COSC 341 101 2020W,72450,2021-04-09 00:10:28 UTC,1,Strongly Disagree,0.0,Disagree,0.0,Strongly Disagree,0.0,Disagree,0.0,Disagree,0.0,Strongly Agree,1.0,Agree,0.0,Agree,0.0,Disagree,0.0,Agree,0.0,Strongly Disagree,0.0,Disagree,0.0,Agree,0.0,Strongly Disagree,0.0,Strongly Disagree,0.0,Agree,0.0,Agree,0.0,Strongly Agree,1.0,Agree,0.0,Disagree,0.0,Disagree,0.0,Strongly Agree,1.0,Disagree,0.0,Strongly Agree,1.0,Disagree,0.0,Agree,0.0,Agree,0.0,Disagree,0.0,Disagree,0.0,Strongly Disagree,0.0,Agree,0.0,Agree,0.0,Disagree,0.0,Strongly Disagree,0.0,4,30,1.0
6738937,COSC 341 101 2020W,72450,2021-04-08 23:12:56 UTC,1,Strongly Disagree,0.0,Strongly Disagree,0.0,Strongly Disagree,0.0,Strongly Disagree,0.0,Strongly Disagree,0.0,Strongly Agree,1.0,Strongly Disagree,0.0,Strongly Agree,1.0,Disagree,0.0,Strongly Agree,1.0,Strongly Disagree,0.0,Strongly Disagree,0.0,Agree,0.0,Strongly Disagree,0.0,Strongly Disagree,0.0,Strongly Agree,1.0,Agree,0.0,Strongly Agree,1.0,Agree,0.0,Strongly Disagree,0.0,Strongly Disagree,0.0,Strongly Agree,1.0,Strongly Agree,1.0,Strongly Disagree,0.0,Disagree,0.0,Strongly Agree,1.0,Agree,0.0,Agree,0.0,Disagree,0.0,Strongly Disagree,0.0,Strongly Agree,1.0,Agree,0.0,Agree,0.0,Disagree,0.0,9,25,1.0
4731217,COSC 341 101 2020W,72450,2021-04-08 18:56:04 UTC,1,Strongly Disagree,0.0,Strongly Disagree,0.0,Strongly Disagree,0.0,Strongly Disagree,0.0,Agree,0.0,Strongly Agree,1.0,Strongly Disagree,0.0,Strongly Agree,1.0,Strongly Disagree,0.0,Strongly Agree,1.0,Strongly Disagree,0.0,Strongly Disagree,0.0,Strongly Agree,1.0,Strongly Disagree,0.0,Strongly Disagree,0.0,Strongly Agree,1.0,Strongly Agree,1.0,Strongly Agree,1.0,Strongly Agree,1.0,Strongly Disagree,0.0,Disagree,0.0,Strongly Agree,1.0,Disagree,0.0,Strongly Agree,1.0,Strongly Disagree,0.0,Strongly Agree,1.0,Strongly Agree,1.0,Disagree,0.0,Strongly Disagree,0.0,Strongly Disagree,0.0,Strongly Agree,1.0,Strongly Agree,1.0,Agree,0.0,Agree,0.0,14,20,1.0
4050962,COSC 341 101 2020W,72450,2021-04-08 18:20:06 UTC,1,Strongly Disagree,0.0,Disagree,0.0,Strongly Disagree,0.0,Disagree,0.0,Agree,0.0,Strongly Agree,1.0,Disagree,0.0,Agree,0.0,Disagree,0.0,Agree,0.0,Disagree,0.0,Disagree,0.0,Agree,0.0,Strongly Disagree,0.0,Strongly Disagree,0.0,Agree,0.0,Agree,0.0,Strongly Agree,1.0,Strongly Agree,1.0,Strongly Disagree,0.0,Disagree,0.0,Strongly Agree,1.0,Disagree,0.0,Strongly Agree,1.0,Disagree,0.0,Agree,0.0,Agree,0.0,Disagree,0.0,Disagree,0.0,Strongly Disagree,0.0,Agree,0.0,Agree,0.0,Agree,0.0,Disagree,0.0,5,29,1.0
5865576,COSC 341 101 2020W,72450,2021-04-08 18:16:44 UTC,1,Strongly Disagree,0.0,Disagree,0.0,Strongly Disagree,0.0,Disagree,0.0,Disagree,0.0,Strongly Agree,1.0,Disagree,0.0,Agree,0.0,Disagree,0.0,Agree,0.0,Disagree,0.0,Disagree,0.0,Agree,0.0,Disagree,0.0,Strongly Disagree,0.0,Agree,0.0,Agree,0.0,Strongly Agree,1.0,Agree,0.0,Disagree,0.0,Strongly Disagree,0.0,Strongly Agree,1.0,Agree,0.0,Strongly Agree,1.0,Disagree,0.0,Agree,0.0,Agree,0.0,Agree,0.0,Disagree,0.0,Strongly Disagree,0.0,Agree,0.0,Agree,0.0,Agree,0.0,Disagree,0.0,4,30,1.0
9818162,COSC 341 101 2020W,72450,2021-04-08 14:43:51 UTC,1,Strongly Disagree,0.0,Disagree,0.0,Strongly Disagree,0.0,Disagree,0.0,Agree,0.0,Strongly Agree,1.0,Disagree,0.0,Agree,0.0,Disagree,0.0,Agree,0.0,Disagree,0.0,Disagree,0.0,Agree,0.0,Strongly Disagree,0.0,Strongly Disagree,0.0,Agree,0.0,Agree,0.0,Strongly Agree,1.0,Agree,0.0,Disagree,0.0,Disagree,0.0,Strongly Agree,1.0,Disagree,0.0,Strongly Agree,1.0,Disagree,0.0,Agree,0.0,Agree,0.0,Disagree,0.0,Disagree,0.0,Strongly Disagree,0.0,Agree,0.0,Agree,0.0,Agree,0.0,Agree,0.0,4,30,1.0
8142618,COSC 341 101 2020W,72450,2021-04-08 14:10:42 UTC,1,Strongly Disagree,0.0,Strongly Disagree,0.0,Strongly Disagree,0.0,Disagree,0.0,Strongly Agree,1.0,Strongly Agree,1.0,Agree,0.0,Strongly Agree,1.0,Disagree,0.0,Strongly Agree,1.0,Strongly Disagree,0.0,Agree,0.0,Strongly Agree,1.0,Strongly Disagree,0.0,Strongly Disagree,0.0,Strongly Agree,1.0,Disagree,0.0,Strongly Agree,1.0,Agree,0.0,Strongly Disagree,0.0,Disagree,0.0,Strongly Agree,1.0,Agree,0.0,Strongly Agree,1.0,Disagree,0.0,Agree,0.0,Strongly Agree,1.0,Strongly Disagree,0.0,Disagree,0.0,Strongly Disagree,0.0,Agree,0.0,Agree,0.0,Agree,0.0,Strongly Disagree,0.0,10,24,1.0
5274956,COSC 341 101 2020W,72450,2021-04-08 07:29:19 UTC,1,Strongly Disagree,0.0,Disagree,0.0,Strongly Disagree,0.0,Strongly Disagree,0.0,Disagree,0.0,Strongly Agree,1.0,Strongly Disagree,0.0,Agree,0.0,Disagree,0.0,Strongly Agree,1.0,Disagree,0.0,Strongly Disagree,0.0,Strongly Agree,1.0,Disagree,0.0,Disagree,0.0,Strongly Agree,1.0,Strongly Agree,1.0,Strongly Agree,1.0,Strongly Agree,1.0,Disagree,0.0,Strongly Disagree,0.0,Strongly Agree,1.0,Strongly Agree,1.0,Strongly Agree,1.0,Strongly Disagree,0.0,Strongly Agree,1.0,Strongly Agree,1.0,Disagree,0.0,Strongly Disagree,0.0,Disagree,0.0,Agree,0.0,Strongly Agree,1.0,Strongly Agree,1.0,Disagree,0.0,14,20,1.0
2167944,COSC 341 101 2020W,72450,2021-04-08 00:25:43 UTC,1,Disagree,0.0,Disagree,0.0,Strongly Disagree,0.0,Disagree,0.0,Strongly Agree,1.0,Strongly Agree,1.0,Disagree,0.0,Strongly Agree,1.0,Strongly Disagree,0.0,Strongly Agree,1.0,Disagree,0.0,Disagree,0.0,Strongly Agree,1.0,Disagree,0.0,Strongly Disagree,0.0,Strongly Agree,1.0,Agree,0.0,Strongly Agree,1.0,Agree,0.0,Disagree,0.0,Strongly Disagree,0.0,Strongly Agree,1.0,Agree,0.0,Strongly Agree,1.0,Disagree,0.0,Strongly Agree,1.0,Strongly Agree,1.0,Agree,0.0,Disagree,0.0,Disagree,0.0,Agree,0.0,Strongly Agree,1.0,Agree,0.0,Disagree,0.0,12,22,1.0
1468005,COSC 341 101 2020W,72450,2021-04-07 23:51:51 UTC,1,Strongly Disagree,0.0,Strongly Agree,1.0,Strongly Disagree,0.0,Strongly Disagree,0.0,Strongly Agree,1.0,Strongly Agree,1.0,Strongly Disagree,0.0,Agree,0.0,Disagree,0.0,Strongly Agree,1.0,Disagree,0.0,Disagree,0.0,Strongly Agree,1.0,Strongly Disagree,0.0,Strongly Disagree,0.0,Agree,0.0,Strongly Agree,1.0,Strongly Agree,1.0,Strongly Agree,1.0,Disagree,0.0,Strongly Disagree,0.0,Strongly Agree,1.0,Agree,0.0,Strongly Agree,1.0,Strongly Disagree,0.0,Strongly Agree,1.0,Strongly Agree,1.0,Disagree,0.0,Strongly Disagree,0.0,Strongly Disagree,0.0,Agree,0.0,Agree,0.0,Strongly Agree,1.0,Disagree,0.0,13,21,1.0
5022476,COSC 341 101 2020W,72450,2021-04-07 23:34:22 UTC,1,Strongly Disagree,0.0,Strongly Disagree,0.0,Disagree,0.0,Agree,0.0,Disagree,0.0,Strongly Agree,1.0,Disagree,0.0,Agree,0.0,Disagree,0.0,Strongly Agree,1.0,Disagree,0.0,Disagree,0.0,Agree,0.0,Disagree,0.0,Strongly Disagree,0.0,Strongly Agree,1.0,Disagree,0.0,Strongly Agree,1.0,Strongly Agree,1.0,Disagree,0.0,Disagree,0.0,Strongly Agree,1.0,Disagree,0.0,Strongly Agree,1.0,Disagree,0.0,Agree,0.0,Agree,0.0,Strongly Agree,1.0,Strongly Disagree,0.0,Disagree,0.0,Agree,0.0,Strongly Agree,1.0,Agree,0.0,Agree,0.0,9,25,1.0
9837476,COSC 341 101 2020W,72450,2021-04-07 23:25:36 UTC,1,Strongly Disagree,0.0,Strongly Disagree,0.0,Strongly Disagree,0.0,Disagree,0.0,Disagree,0.0,Strongly Agree,1.0,Disagree,0.0,Strongly Agree,1.0,Disagree,0.0,Strongly Agree,1.0,Strongly Disagree,0.0,Strongly Disagree,0.0,Strongly Agree,1.0,Strongly Disagree,0.0,Strongly Disagree,0.0,Agree,0.0,Agree,0.0,Strongly Agree,1.0,Agree,0.0,Strongly Disagree,0.0,Disagree,0.0,Strongly Agree,1.0,Disagree,0.0,Strongly Agree,1.0,Disagree,0.0,Agree,0.0,Strongly Agree,1.0,Agree,0.0,Disagree,0.0,Strongly Disagree,0.0,Strongly Agree,1.0,Agree,0.0,Disagree,0.0,Agree,0.0,9,25,1.0
4826483,COSC 341 101 2020W,72450,2021-04-07 21:41:43 UTC,1,Strongly Disagree,0.0,Agree,0.0,Strongly Disagree,0.0,Disagree,0.0,Agree,0.0,Strongly Agree,1.0,Strongly Disagree,0.0,Agree,0.0,Agree,0.0,Agree,0.0,Disagree,0.0,Disagree,0.0,Strongly Agree,1.0,Strongly Disagree,0.0,Strongly Disagree,0.0,Disagree,0.0,Agree,0.0,Strongly Agree,1.0,Disagree,0.0,Strongly Disagree,0.0,Disagree,0.0,Strongly Agree,1.0,Disagree,0.0,Strongly Agree,1.0,Disagree,0.0,Disagree,0.0,Strongly Agree,1.0,Disagree,0.0,Agree,0.0,Strongly Disagree,0.0,Disagree,0.0,Disagree,0.0,Agree,0.0,Disagree,0.0,6,28,1.0
8519179,COSC 341 101 2020W,72450,2021-04-07 21:34:58 UTC,1,Strongly Disagree,0.0,Disagree,0.0,Strongly Disagree,0.0,Strongly Disagree,0.0,Agree,0.0,Strongly Agree,1.0,Disagree,0.0,Agree,0.0,Strongly Disagree,0.0,Strongly Agree,1.0,Strongly Disagree,0.0,Strongly Agree,1.0,Strongly Agree,1.0,Strongly Disagree,0.0,Strongly Disagree,0.0,Strongly Agree,1.0,Strongly Agree,1.0,Strongly Agree,1.0,Strongly Agree,1.0,Agree,0.0,Strongly Disagree,0.0,Strongly Agree,1.0,Strongly Agree,1.0,Strongly Agree,1.0,Strongly Disagree,0.0,Strongly Agree,1.0,Strongly Agree,1.0,Agree,0.0,Strongly Disagree,0.0,Strongly Disagree,0.0,Agree,0.0,Strongly Agree,1.0,Strongly Agree,1.0,Strongly Disagree,0.0,15,19,1.0
2336688,COSC 341 101 2020W,72450,2021-04-07 20:46:33 UTC,1,Strongly Disagree,0.0,Disagree,0.0,Strongly Disagree,0.0,Disagree,0.0,Disagree,0.0,Strongly Agree,1.0,Disagree,0.0,Agree,0.0,Strongly Disagree,0.0,Strongly Agree,1.0,Disagree,0.0,Strongly Disagree,0.0,Strongly Agree,1.0,Disagree,0.0,Strongly Disagree,0.0,Agree,0.0,Strongly Agree,1.0,Strongly Agree,1.0,Agree,0.0,Strongly Disagree,0.0,Strongly Disagree,0.0,Strongly Agree,1.0,Agree,0.0,Strongly Agree,1.0,Disagree,0.0,Strongly Agree,1.0,Strongly Agree,1.0,Disagree,0.0,Disagree,0.0,Strongly Disagree,0.0,Agree,0.0,Agree,0.0,Agree,0.0,Disagree,0.0,9,25,1.0
8699995,COSC 341 101 2020W,72450,2021-04-07 19:10:49 UTC,1,Disagree,0.0,Disagree,0.0,Disagree,0.0,Agree,0.0,Disagree,0.0,Agree,0.0,Disagree,0.0,Agree,0.0,Agree,0.0,Agree,0.0,Disagree,0.0,Disagree,0.0,Strongly Agree,1.0,Disagree,0.0,Disagree,0.0,Disagree,0.0,Agree,0.0,Agree,0.0,Disagree,0.0,Disagree,0.0,Agree,0.0,Agree,0.0,Disagree,0.0,Agree,0.0,Strongly Agree,1.0,Agree,0.0,Agree,0.0,Disagree,0.0,Agree,0.0,Disagree,0.0,Agree,0.0,Strongly Disagree,0.0,Strongly Disagree,0.0,Disagree,0.0,2,32,1.0
5826040,COSC 341 101 2020W,72450,2021-04-07 02:43:36 UTC,1,Disagree,0.0,Disagree,0.0,Strongly Disagree,0.0,Strongly Agree,1.0,Strongly Disagree,0.0,Agree,0.0,Agree,0.0,Strongly Disagree,0.0,Agree,0.0,Disagree,0.0,Agree,0.0,Agree,0.0,Strongly Disagree,0.0,Strongly Disagree,0.0,Disagree,0.0,Strongly Disagree,0.0,Strongly Disagree,0.0,Agree,0.0,Strongly Disagree,0.0,Strongly Agree,1.0,Strongly Agree,1.0,Agree,0.0,Strongly Disagree,0.0,Agree,0.0,Agree,0.0,Strongly Disagree,0.0,Disagree,0.0,Strongly Disagree,0.0,Strongly Agree,1.0,Strongly Disagree,0.0,Disagree,0.0,Strongly Disagree,0.0,Strongly Disagree,0.0,Strongly Disagree,0.0,4,30,1.0
3745125,COSC 341 101 2020W,72450,2021-04-07 02:18:18 UTC,1,Strongly Disagree,0.0,Disagree,0.0,Strongly Disagree,0.0,Disagree,0.0,Strongly Disagree,0.0,Strongly Agree,1.0,Disagree,0.0,Agree,0.0,Agree,0.0,Strongly Agree,1.0,Disagree,0.0,Disagree,0.0,Strongly Agree,1.0,Strongly Disagree,0.0,Strongly Disagree,0.0,Agree,0.0,Agree,0.0,Strongly Agree,1.0,Disagree,0.0,Agree,0.0,Disagree,0.0,Strongly Agree,1.0,Disagree,0.0,Strongly Agree,1.0,Disagree,0.0,Agree,0.0,Agree,0.0,Agree,0.0,Disagree,0.0,Strongly Disagree,0.0,Agree,0.0,Agree,0.0,Agree,0.0,Disagree,0.0,6,28,1.0
5329311,COSC 341 101 2020W,72450,2021-04-07 02:01:59 UTC,1,Strongly Disagree,0.0,Disagree,0.0,Strongly Disagree,0.0,Disagree,0.0,Agree,0.0,Strongly Agree,1.0,Strongly Disagree,0.0,Agree,0.0,Disagree,0.0,Strongly Agree,1.0,Strongly Disagree,0.0,Disagree,0.0,Agree,0.0,Strongly Disagree,0.0,Strongly Disagree,0.0,Agree,0.0,Strongly Agree,1.0,Strongly Agree,1.0,Strongly Agree,1.0,Disagree,0.0,Strongly Disagree,0.0,Strongly Agree,1.0,Strongly Disagree,0.0,Strongly Agree,1.0,Agree,0.0,Agree,0.0,Strongly Agree,1.0,Strongly Disagree,0.0,Disagree,0.0,Strongly Disagree,0.0,Agree,0.0,Agree,0.0,Disagree,0.0,Disagree,0.0,8,26,1.0
3068218,COSC 341 101 2020W,72450,2021-04-07 01:59:49 UTC,1,Strongly Disagree,0.0,Disagree,0.0,Strongly Disagree,0.0,Disagree,0.0,Agree,0.0,Strongly Agree,1.0,Disagree,0.0,Strongly Agree,1.0,Disagree,0.0,Strongly Agree,1.0,Strongly Disagree,0.0,Disagree,0.0,Strongly Agree,1.0,Strongly Disagree,0.0,Strongly Disagree,0.0,Strongly Agree,1.0,Strongly Agree,1.0,Strongly Agree,1.0,Strongly Agree,1.0,Disagree,0.0,Disagree,0.0,Strongly Agree,1.0,Agree,0.0,Strongly Agree,1.0,Disagree,0.0,Strongly Agree,1.0,Strongly Agree,1.0,Agree,0.0,Strongly Disagree,0.0,Strongly Disagree,0.0,Agree,0.0,Strongly Agree,1.0,Strongly Agree,1.0,Agree,0.0,14,20,1.0
8458599,COSC 341 101 2020W,72450,2021-04-07 00:48:03 UTC,1,Strongly Disagree,0.0,Strongly Disagree,0.0,Strongly Disagree,0.0,Strongly Disagree,0.0,Agree,0.0,Strongly Agree,1.0,Strongly Disagree,0.0,Strongly Agree,1.0,Strongly Disagree,0.0,Strongly Agree,1.0,Strongly Disagree,0.0,Strongly Disagree,0.0,Strongly Agree,1.0,Strongly Disagree,0.0,Strongly Disagree,0.0,Strongly Agree,1.0,Strongly Agree,1.0,Strongly Agree,1.0,Strongly Agree,1.0,Strongly Disagree,0.0,Strongly Disagree,0.0,Strongly Agree,1.0,Strongly Agree,1.0,Strongly Agree,1.0,Strongly Disagree,0.0,Strongly Agree,1.0,Strongly Agree,1.0,Strongly Agree,1.0,Strongly Disagree,0.0,Strongly Disagree,0.0,Strongly Agree,1.0,Strongly Agree,1.0,Strongly Agree,1.0,Agree,0.0,17,17,1.0
6393986,COSC 341 101 2020W,72450,2021-04-06 23:55:54 UTC,1,Disagree,0.0,Disagree,0.0,Disagree,0.0,Disagree,0.0,Agree,0.0,Strongly Agree,1.0,Strongly Agree,1.0,Agree,0.0,Disagree,0.0,Strongly Agree,1.0,Disagree,0.0,Disagree,0.0,Strongly Agree,1.0,Disagree,0.0,Disagree,0.0,Strongly Agree,1.0,Strongly Agree,1.0,Strongly Agree,1.0,Strongly Agree,1.0,Disagree,0.0,Strongly Disagree,0.0,Strongly Agree,1.0,Strongly Agree,1.0,Agree,0.0,Disagree,0.0,Agree,0.0,Agree,0.0,Agree,0.0,Disagree,0.0,Disagree,0.0,Agree,0.0,Strongly Agree,1.0,Agree,0.0,Agree,0.0,11,23,1.0
9414327,COSC 341 101 2020W,72450,2021-04-06 21:32:03 UTC,1,Disagree,0.0,Disagree,0.0,Disagree,0.0,Disagree,0.0,Disagree,0.0,Agree,0.0,Disagree,0.0,Agree,0.0,Disagree,0.0,Agree,0.0,Disagree,0.0,Disagree,0.0,Agree,0.0,Disagree,0.0,Disagree,0.0,Agree,0.0,Agree,0.0,Agree,0.0,Agree,0.0,Disagree,0.0,Disagree,0.0,Agree,0.0,Disagree,0.0,Agree,0.0,Agree,0.0,Agree,0.0,Agree,0.0,Agree,0.0,Disagree,0.0,Disagree,0.0,Disagree,0.0,Agree,0.0,Agree,0.0,Disagree,0.0,0,34,1.0
6851949,COSC 341 101 2020W,72450,2021-04-06 17:59:27 UTC,1,Strongly Disagree,0.0,Strongly Disagree,0.0,Strongly Disagree,0.0,Strongly Disagree,0.0,Strongly Disagree,0.0,Strongly Agree,1.0,Disagree,0.0,Strongly Agree,1.0,Strongly Disagree,0.0,Strongly Agree,1.0,Strongly Disagree,0.0,Disagree,0.0,Strongly Agree,1.0,Strongly Disagree,0.0,Strongly Disagree,0.0,Strongly Agree,1.0,Strongly Agree,1.0,Strongly Agree,1.0,Strongly Agree,1.0,Strongly Disagree,0.0,Strongly Disagree,0.0,Strongly Agree,1.0,Disagree,0.0,Strongly Agree,1.0,Strongly Disagree,0.0,Strongly Agree,1.0,Strongly Agree,1.0,Disagree,0.0,Strongly Disagree,0.0,Strongly Disagree,0.0,Strongly Agree,1.0,Strongly Agree,1.0,Strongly Agree,1.0,Disagree,0.0,15,19,1.0
3378530,COSC 341 101 2020W,72450,2021-04-06 17:40:44 UTC,1,Disagree,0.0,Strongly Disagree,0.0,Strongly Disagree,0.0,Strongly Disagree,0.0,Strongly Agree,1.0,Strongly Agree,1.0,Strongly Disagree,0.0,Strongly Agree,1.0,Disagree,0.0,Strongly Agree,1.0,Strongly Disagree,0.0,Strongly Disagree,0.0,Strongly Agree,1.0,Disagree,0.0,Strongly Disagree,0.0,Strongly Agree,1.0,Strongly Agree,1.0,Strongly Agree,1.0,Strongly Agree,1.0,Strongly Disagree,0.0,Strongly Disagree,0.0,Strongly Agree,1.0,Strongly Agree,1.0,Strongly Agree,1.0,Strongly Disagree,0.0,Strongly Agree,1.0,Strongly Agree,1.0,Agree,0.0,Strongly Disagree,0.0,Disagree,0.0,Strongly Agree,1.0,Strongly Agree,1.0,Strongly Agree,1.0,Strongly Agree,1.0,18,16,1.0
9037967,COSC 341 101 2020W,72450,2021-04-06 12:18:46 UTC,1,Strongly Disagree,0.0,Agree,0.0,Disagree,0.0,Disagree,0.0,Disagree,0.0,Strongly Agree,1.0,Disagree,0.0,Disagree,0.0,Agree,0.0,Agree,0.0,Disagree,0.0,Disagree,0.0,Agree,0.0,Strongly Disagree,0.0,Agree,0.0,Agree,0.0,Agree,0.0,Strongly Agree,1.0,Disagree,0.0,Agree,0.0,Disagree,0.0,Agree,0.0,Disagree,0.0,Agree,0.0,Disagree,0.0,Agree,0.0,Agree,0.0,Agree,0.0,Disagree,0.0,Disagree,0.0,Disagree,0.0,Agree,0.0,Agree,0.0,Agree,0.0,2,32,1.0
2409463,COSC 341 101 2020W,72450,2021-04-06 08:38:15 UTC,1,Disagree,0.0,Disagree,0.0,Agree,0.0,Disagree,0.0,Agree,0.0,Agree,0.0,Strongly Agree,1.0,Agree,0.0,Agree,0.0,Agree,0.0,Disagree,0.0,Agree,0.0,Agree,0.0,Disagree,0.0,Agree,0.0,Agree,0.0,Disagree,0.0,Agree,0.0,Agree,0.0,Disagree,0.0,Agree,0.0,Agree,0.0,Disagree,0.0,Strongly Agree,1.0,Disagree,0.0,Agree,0.0,Agree,0.0,Disagree,0.0,Agree,0.0,Agree,0.0,Agree,0.0,Strongly Agree,1.0,Agree,0.0,Disagree,0.0,3,31,1.0
6457402,COSC 341 101 2020W,72450,2021-04-06 05:33:41 UTC,1,Strongly Disagree,0.0,Strongly Disagree,0.0,Strongly Disagree,0.0,Agree,0.0,Strongly Agree,1.0,Strongly Agree,1.0,Disagree,0.0,Agree,0.0,Agree,0.0,Strongly Agree,1.0,Strongly Disagree,0.0,Strongly Disagree,0.0,Strongly Agree,1.0,Strongly Disagree,0.0,Strongly Disagree,0.0,Disagree,0.0,Agree,0.0,Strongly Agree,1.0,Agree,0.0,Strongly Disagree,0.0,Agree,0.0,Strongly Agree,1.0,Disagree,0.0,Strongly Agree,1.0,Agree,0.0,Disagree,0.0,Strongly Agree,1.0,Disagree,0.0,Disagree,0.0,Strongly Disagree,0.0,Agree,0.0,Disagree,0.0,Disagree,0.0,Disagree,0.0,8,26,1.0
9331648,COSC 341 101 2020W,72450,2021-04-06 04:06:25 UTC,1,Strongly Disagree,0.0,Strongly Disagree,0.0,Strongly Disagree,0.0,Strongly Disagree,0.0,Strongly Disagree,0.0,Strongly Agree,1.0,Strongly Disagree,0.0,Strongly Agree,1.0,Disagree,0.0,Strongly Agree,1.0,Strongly Disagree,0.0,Disagree,0.0,Strongly Agree,1.0,Strongly Disagree,0.0,Strongly Disagree,0.0,Strongly Agree,1.0,Strongly Agree,1.0,Strongly Agree,1.0,Strongly Agree,1.0,Strongly Disagree,0.0,Strongly Disagree,0.0,Strongly Agree,1.0,Disagree,0.0,Strongly Agree,1.0,Strongly Disagree,0.0,Strongly Agree,1.0,Strongly Agree,1.0,Disagree,0.0,Strongly Disagree,0.0,Strongly Disagree,0.0,Strongly Agree,1.0,Agree,0.0,Strongly Agree,1.0,Disagree,0.0,14,20,1.0
7521635,COSC 341 101 2020W,72450,2021-04-05 23:48:38 UTC,1,Strongly Disagree,0.0,Disagree,0.0,Strongly Disagree,0.0,Agree,0.0,Agree,0.0,Strongly Agree,1.0,Agree,0.0,Agree,0.0,Agree,0.0,Agree,0.0,Disagree,0.0,Agree,0.0,Agree,0.0,Strongly Disagree,0.0,Strongly Disagree,0.0,Disagree,0.0,Disagree,0.0,Strongly Agree,1.0,Strongly Disagree,0.0,Disagree,0.0,Agree,0.0,Strongly Agree,1.0,Disagree,0.0,Strongly Agree,1.0,Agree,0.0,Strongly Disagree,0.0,Agree,0.0,Disagree,0.0,Strongly Agree,1.0,Strongly Disagree,0.0,Agree,0.0,Disagree,0.0,Strongly Disagree,0.0,Agree,0.0,5,29,1.0
2302599,COSC 341 101 2020W,72450,2021-04-05 23:42:20 UTC,1,Strongly Disagree,0.0,Strongly Disagree,0.0,Strongly Disagree,0.0,Disagree,0.0,Agree,0.0,Strongly Agree,1.0,Strongly Disagree,0.0,Agree,0.0,Disagree,0.0,Strongly Agree,1.0,Disagree,0.0,Disagree,0.0,Strongly Agree,1.0,Disagree,0.0,Strongly Disagree,0.0,Strongly Agree,1.0,Strongly Agree,1.0,Strongly Agree,1.0,Strongly Agree,1.0,Disagree,0.0,Strongly Disagree,0.0,Strongly Agree,1.0,Strongly Agree,1.0,Strongly Agree,1.0,Disagree,0.0,Strongly Agree,1.0,Strongly Agree,1.0,Disagree,0.0,Strongly Disagree,0.0,Strongly Disagree,0.0,Agree,0.0,Strongly Agree,1.0,Agree,0.0,Disagree,0.0,13,21,1.0
2767857,COSC 341 101 2020W,72450,2021-04-05 23:12:10 UTC,1,Strongly Disagree,0.0,Strongly Disagree,0.0,Strongly Disagree,0.0,Disagree,0.0,Disagree,0.0,Agree,0.0,Disagree,0.0,Agree,0.0,Agree,0.0,Agree,0.0,Disagree,0.0,Disagree,0.0,Strongly Agree,1.0,Strongly Disagree,0.0,Strongly Disagree,0.0,Agree,0.0,Agree,0.0,Strongly Agree,1.0,Disagree,0.0,Strongly Disagree,0.0,Agree,0.0,Strongly Agree,1.0,Disagree,0.0,Agree,0.0,Agree,0.0,Agree,0.0,Agree,0.0,Disagree,0.0,Agree,0.0,Strongly Disagree,0.0,Agree,0.0,Disagree,0.0,Disagree,0.0,Strongly Disagree,0.0,3,31,1.0
8718613,COSC 341 101 2020W,72450,2021-04-05 23:04:56 UTC,1,Strongly Disagree,0.0,Strongly Disagree,0.0,Strongly Disagree,0.0,Disagree,0.0,Strongly Disagree,0.0,Strongly Agree,1.0,Strongly Disagree,0.0,Strongly Agree,1.0,Strongly Disagree,0.0,Strongly Disagree,0.0,Strongly Disagree,0.0,Disagree,0.0,Strongly Agree,1.0,Strongly Disagree,0.0,Strongly Disagree,0.0,Agree,0.0,Agree,0.0,Strongly Agree,1.0,Strongly Agree,1.0,Strongly Disagree,0.0,Strongly Disagree,0.0,Strongly Agree,1.0,Strongly Agree,1.0,Strongly Agree,1.0,Strongly Disagree,0.0,Strongly Agree,1.0,Strongly Agree,1.0,Strongly Disagree,0.0,Strongly Disagree,0.0,Strongly Disagree,0.0,Agree,0.0,Strongly Agree,1.0,Strongly Agree,1.0,Strongly Disagree,0.0,12,22,1.0
8145375,COSC 341 101 2020W,72450,2021-04-05 21:51:20 UTC,1,Strongly Disagree,0.0,Strongly Disagree,0.0,Strongly Agree,1.0,Strongly Disagree,0.0,Agree,0.0,Strongly Agree,1.0,Agree,0.0,Strongly Disagree,0.0,Strongly Disagree,0.0,Strongly Agree,1.0,Strongly Disagree,0.0,Strongly Agree,1.0,Agree,0.0,Strongly Disagree,0.0,Strongly Disagree,0.0,Strongly Agree,1.0,Strongly Agree,1.0,Strongly Agree,1.0,Strongly Agree,1.0,Strongly Disagree,0.0,Strongly Disagree,0.0,Strongly Agree,1.0,Strongly Agree,1.0,Strongly Agree,1.0,Strongly Disagree,0.0,Strongly Agree,1.0,Strongly Agree,1.0,Strongly Agree,1.0,Strongly Disagree,0.0,Strongly Disagree,0.0,Strongly Agree,1.0,Strongly Agree,1.0,Strongly Agree,1.0,Strongly Agree,1.0,18,16,1.0
9620106,COSC 341 101 2020W,72450,2021-04-05 20:56:06 UTC,1,Disagree,0.0,Disagree,0.0,Strongly Disagree,0.0,Disagree,0.0,Disagree,0.0,Agree,0.0,Disagree,0.0,Agree,0.0,Disagree,0.0,Agree,0.0,Disagree,0.0,Disagree,0.0,Strongly Agree,1.0,Strongly Disagree,0.0,Strongly Disagree,0.0,Agree,0.0,Agree,0.0,Strongly Agree,1.0,Agree,0.0,Disagree,0.0,Strongly Disagree,0.0,Agree,0.0,Disagree,0.0,Strongly Agree,1.0,Disagree,0.0,Agree,0.0,Agree,0.0,Agree,0.0,Disagree,0.0,Disagree,0.0,Agree,0.0,Agree,0.0,Agree,0.0,Disagree,0.0,3,31,1.0
2869121,COSC 341 101 2020W,72450,2021-04-05 20:10:35 UTC,1,Strongly Disagree,0.0,Disagree,0.0,Strongly Disagree,0.0,Disagree,0.0,Disagree,0.0,Strongly Agree,1.0,Disagree,0.0,Agree,0.0,Disagree,0.0,Agree,0.0,Disagree,0.0,Disagree,0.0,Agree,0.0,Strongly Disagree,0.0,Strongly Disagree,0.0,Agree,0.0,Agree,0.0,Strongly Agree,1.0,Agree,0.0,Disagree,0.0,Disagree,0.0,Strongly Agree,1.0,Disagree,0.0,Agree,0.0,Disagree,0.0,Agree,0.0,Agree,0.0,Agree,0.0,Disagree,0.0,Strongly Disagree,0.0,Agree,0.0,Agree,0.0,Agree,0.0,Agree,0.0,3,31,1.0
8830004,COSC 341 101 2020W,72450,2021-04-05 19:09:21 UTC,1,Strongly Disagree,0.0,Strongly Disagree,0.0,Strongly Disagree,0.0,Disagree,0.0,Strongly Agree,1.0,Strongly Agree,1.0,Strongly Disagree,0.0,Strongly Agree,1.0,Disagree,0.0,Strongly Agree,1.0,Strongly Disagree,0.0,Strongly Disagree,0.0,Strongly Agree,1.0,Disagree,0.0,Strongly Disagree,0.0,Strongly Agree,1.0,Strongly Agree,1.0,Strongly Agree,1.0,Strongly Agree,1.0,Strongly Disagree,0.0,Strongly Disagree,0.0,Strongly Agree,1.0,Agree,0.0,Strongly Agree,1.0,Strongly Disagree,0.0,Strongly Agree,1.0,Strongly Agree,1.0,Strongly Agree,1.0,Strongly Disagree,0.0,Strongly Disagree,0.0,Strongly Agree,1.0,Strongly Agree,1.0,Strongly Agree,1.0,Strongly Agree,1.0,18,16,1.0
4708909,COSC 341 101 2020W,72450,2021-04-05 19:01:46 UTC,1,Strongly Disagree,0.0,Strongly Disagree,0.0,Strongly Disagree,0.0,Strongly Disagree,0.0,Strongly Disagree,0.0,Strongly Agree,1.0,Disagree,0.0,Strongly Agree,1.0,Strongly Disagree,0.0,Strongly Agree,1.0,Strongly Disagree,0.0,Strongly Disagree,0.0,Strongly Agree,1.0,Strongly Disagree,0.0,Strongly Disagree,0.0,Strongly Agree,1.0,Strongly Agree,1.0,Strongly Agree,1.0,Strongly Agree,1.0,Strongly Disagree,0.0,Strongly Disagree,0.0,Strongly Agree,1.0,Disagree,0.0,Strongly Agree,1.0,Strongly Disagree,0.0,Strongly Agree,1.0,Strongly Agree,1.0,Strongly Disagree,0.0,Disagree,0.0,Strongly Disagree,0.0,Strongly Agree,1.0,Strongly Agree,1.0,Agree,0.0,Disagree,0.0,14,20,1.0
1889600,COSC 341 101 2020W,72450,2021-04-05 18:50:55 UTC,1,Strongly Disagree,0.0,Disagree,0.0,Strongly Disagree,0.0,Disagree,0.0,Disagree,0.0,Strongly Agree,1.0,Disagree,0.0,Agree,0.0,Disagree,0.0,Agree,0.0,Disagree,0.0,Disagree,0.0,Strongly Agree,1.0,Strongly Agree,1.0,Strongly Disagree,0.0,Agree,0.0,Agree,0.0,Strongly Agree,1.0,Agree,0.0,Disagree,0.0,Disagree,0.0,Strongly Agree,1.0,Agree,0.0,Strongly Agree,1.0,Disagree,0.0,Agree,0.0,Agree,0.0,Disagree,0.0,Disagree,0.0,Strongly Disagree,0.0,Disagree,0.0,Agree,0.0,Agree,0.0,Agree,0.0,6,28,1.0
5518087,COSC 341 101 2020W,72450,2021-04-05 16:32:58 UTC,1,Strongly Disagree,0.0,Strongly Disagree,0.0,Strongly Disagree,0.0,Disagree,0.0,Disagree,0.0,Strongly Agree,1.0,Agree,0.0,Disagree,0.0,Disagree,0.0,Strongly Agree,1.0,Disagree,0.0,Agree,0.0,Strongly Agree,1.0,Strongly Disagree,0.0,Strongly Disagree,0.0,Agree,0.0,Agree,0.0,Strongly Agree,1.0,Agree,0.0,Strongly Disagree,0.0,Disagree,0.0,Agree,0.0,Disagree,0.0,Strongly Agree,1.0,Disagree,0.0,Strongly Agree,1.0,Agree,0.0,Disagree,0.0,Disagree,0.0,Strongly Disagree,0.0,Disagree,0.0,Agree,0.0,Disagree,0.0,Disagree,0.0,6,28,1.0
9809827,COSC 341 101 2020W,72450,2021-04-05 15:44:50 UTC,1,Strongly Disagree,0.0,Strongly Disagree,0.0,Strongly Disagree,0.0,Strongly Disagree,0.0,Strongly Agree,1.0,Strongly Agree,1.0,Strongly Disagree,0.0,Strongly Agree,1.0,Strongly Disagree,0.0,Strongly Agree,1.0,Strongly Disagree,0.0,Strongly Disagree,0.0,Strongly Agree,1.0,Strongly Disagree,0.0,Strongly Disagree,0.0,Strongly Agree,1.0,Strongly Agree,1.0,Strongly Agree,1.0,Agree,0.0,Strongly Disagree,0.0,Disagree,0.0,Strongly Agree,1.0,Agree,0.0,Strongly Agree,1.0,Disagree,0.0,Agree,0.0,Strongly Agree,1.0,Agree,0.0,Strongly Disagree,0.0,Strongly Disagree,0.0,Strongly Agree,1.0,Agree,0.0,Agree,0.0,Agree,0.0,12,22,1.0
9245857,COSC 341 101 2020W,72450,2021-04-05 05:38:46 UTC,1,Strongly Disagree,0.0,Disagree,0.0,Strongly Disagree,0.0,Disagree,0.0,Disagree,0.0,Strongly Agree,1.0,Disagree,0.0,Agree,0.0,Disagree,0.0,Agree,0.0,Strongly Disagree,0.0,Disagree,0.0,Strongly Agree,1.0,Strongly Disagree,0.0,Strongly Disagree,0.0,Strongly Agree,1.0,Agree,0.0,Strongly Agree,1.0,Agree,0.0,Strongly Disagree,0.0,Strongly Disagree,0.0,Strongly Agree,1.0,Disagree,0.0,Strongly Agree,1.0,Disagree,0.0,Strongly Agree,1.0,Strongly Agree,1.0,Disagree,0.0,Disagree,0.0,Strongly Disagree,0.0,Agree,0.0,Strongly Agree,1.0,Strongly Agree,1.0,Disagree,0.0,10,24,1.0
8012852,COSC 341 101 2020W,72450,2021-04-05 01:51:52 UTC,1,Strongly Disagree,0.0,Strongly Disagree,0.0,Strongly Disagree,0.0,Agree,0.0,Strongly Disagree,0.0,Strongly Agree,1.0,Disagree,0.0,Agree,0.0,Agree,0.0,Disagree,0.0,Disagree,0.0,Disagree,0.0,Strongly Agree,1.0,Strongly Disagree,0.0,Strongly Disagree,0.0,Disagree,0.0,Agree,0.0,Strongly Agree,1.0,Strongly Disagree,0.0,Disagree,0.0,Agree,0.0,Strongly Agree,1.0,Strongly Disagree,0.0,Strongly Agree,1.0,Agree,0.0,Disagree,0.0,Strongly Agree,1.0,Strongly Disagree,0.0,Strongly Agree,1.0,Strongly Disagree,0.0,Strongly Agree,1.0,Strongly Disagree,0.0,Disagree,0.0,Strongly Disagree,0.0,8,26,1.0
7098325,COSC 341 101 2020W,72450,2021-04-05 00:30:50 UTC,1,Strongly Disagree,0.0,Strongly Disagree,0.0,Strongly Disagree,0.0,Strongly Disagree,0.0,Strongly Agree,1.0,Strongly Agree,1.0,Strongly Agree,1.0,Strongly Agree,1.0,Strongly Disagree,0.0,Strongly Agree,1.0,Strongly Disagree,0.0,Strongly Agree,1.0,Strongly Agree,1.0,Strongly Disagree,0.0,Strongly Disagree,0.0,Strongly Agree,1.0,Strongly Agree,1.0,Strongly Agree,1.0,Strongly Agree,1.0,Strongly Disagree,0.0,Strongly Disagree,0.0,Strongly Agree,1.0,Strongly Agree,1.0,Strongly Agree,1.0,Strongly Disagree,0.0,Strongly Agree,1.0,Strongly Agree,1.0,Agree,0.0,Strongly Disagree,0.0,Strongly Disagree,0.0,Strongly Agree,1.0,Strongly Agree,1.0,Strongly Agree,1.0,Strongly Agree,1.0,20,14,1.0
5813967,COSC 341 101 2020W,72450,2021-04-05 00:28:42 UTC,1,Strongly Disagree,0.0,Strongly Disagree,0.0,Strongly Disagree,0.0,Disagree,0.0,Disagree,0.0,Strongly Agree,1.0,Disagree,0.0,Strongly Agree,1.0,Agree,0.0,Strongly Agree,1.0,Disagree,0.0,Strongly Disagree,0.0,Strongly Agree,1.0,Strongly Disagree,0.0,Strongly Disagree,0.0,Agree,0.0,Agree,0.0,Strongly Agree,1.0,Agree,0.0,Strongly Disagree,0.0,Agree,0.0,Strongly Agree,1.0,Strongly Disagree,0.0,Strongly Agree,1.0,Agree,0.0,Agree,0.0,Agree,0.0,Disagree,0.0,Disagree,0.0,Strongly Disagree,0.0,Agree,0.0,Disagree,0.0,Agree,0.0,Strongly Disagree,0.0,7,27,1.0
6492931,COSC 341 101 2020W,72450,2021-04-04 23:03:13 UTC,1,Strongly Disagree,0.0,Disagree,0.0,Strongly Disagree,0.0,Disagree,0.0,Disagree,0.0,Strongly Agree,1.0,Agree,0.0,Agree,0.0,Disagree,0.0,Agree,0.0,Disagree,0.0,Disagree,0.0,Strongly Agree,1.0,Strongly Disagree,0.0,Strongly Disagree,0.0,Agree,0.0,Strongly Agree,1.0,Strongly Agree,1.0,Strongly Agree,1.0,Disagree,0.0,Disagree,0.0,Strongly Agree,1.0,Disagree,0.0,Strongly Agree,1.0,Disagree,0.0,Strongly Agree,1.0,Strongly Agree,1.0,Agree,0.0,Disagree,0.0,Strongly Disagree,0.0,Agree,0.0,Agree,0.0,Agree,0.0,Disagree,0.0,9,25,1.0
4262104,COSC 341 101 2020W,72450,2021-04-04 21:02:42 UTC,1,Strongly Disagree,0.0,Strongly Disagree,0.0,Strongly Disagree,0.0,Disagree,0.0,Strongly Disagree,0.0,Strongly Agree,1.0,Strongly Disagree,0.0,Agree,0.0,Disagree,0.0,Strongly Agree,1.0,Strongly Disagree,0.0,Strongly Disagree,0.0,Strongly Agree,1.0,Strongly Disagree,0.0,Strongly Disagree,0.0,Agree,0.0,Strongly Agree,1.0,Strongly Agree,1.0,Agree,0.0,Strongly Disagree,0.0,Disagree,0.0,Strongly Agree,1.0,Agree,0.0,Strongly Agree,1.0,Disagree,0.0,Agree,0.0,Strongly Agree,1.0,Disagree,0.0,Disagree,0.0,Strongly Disagree,0.0,Agree,0.0,Agree,0.0,Agree,0.0,Disagree,0.0,8,26,1.0
9152350,COSC 341 101 2020W,72450,2021-04-04 20:30:21 UTC,1,Strongly Disagree,0.0,Disagree,0.0,Strongly Disagree,0.0,Disagree,0.0,Disagree,0.0,Strongly Agree,1.0,Strongly Disagree,0.0,Agree,0.0,Disagree,0.0,Strongly Agree,1.0,Strongly Disagree,0.0,Disagree,0.0,Strongly Agree,1.0,Disagree,0.0,Strongly Disagree,0.0,Agree,0.0,Agree,0.0,Strongly Agree,1.0,Agree,0.0,Disagree,0.0,Disagree,0.0,Strongly Agree,1.0,Agree,0.0,Agree,0.0,Disagree,0.0,Agree,0.0,Strongly Agree,1.0,Disagree,0.0,Disagree,0.0,Disagree,0.0,Agree,0.0,Agree,0.0,Agree,0.0,Disagree,0.0,6,28,1.0
8735515,COSC 341 101 2020W,72450,2021-04-04 20:23:00 UTC,1,Strongly Disagree,0.0,Disagree,0.0,Strongly Disagree,0.0,Disagree,0.0,Disagree,0.0,Strongly Agree,1.0,Strongly Disagree,0.0,Strongly Agree,1.0,Agree,0.0,Strongly Agree,1.0,Disagree,0.0,Strongly Disagree,0.0,Strongly Agree,1.0,Strongly Disagree,0.0,Strongly Disagree,0.0,Agree,0.0,Strongly Agree,1.0,Strongly Agree,1.0,Agree,0.0,Strongly Disagree,0.0,Disagree,0.0,Strongly Agree,1.0,Disagree,0.0,Strongly Agree,1.0,Disagree,0.0,Strongly Agree,1.0,Agree,0.0,Agree,0.0,Strongly Agree,1.0,Strongly Disagree,0.0,Agree,0.0,Agree,0.0,Agree,0.0,Agree,0.0,10,24,1.0
3243282,COSC 341 101 2020W,72450,2021-04-04 18:13:05 UTC,1,Strongly Disagree,0.0,Strongly Disagree,0.0,Strongly Disagree,0.0,Strongly Disagree,0.0,Agree,0.0,Strongly Agree,1.0,Disagree,0.0,Agree,0.0,Strongly Disagree,0.0,Strongly Agree,1.0,Disagree,0.0,Disagree,0.0,Strongly Agree,1.0,Strongly Disagree,0.0,Strongly Disagree,0.0,Strongly Agree,1.0,Strongly Agree,1.0,Strongly Agree,1.0,Agree,0.0,Strongly Disagree,0.0,Disagree,0.0,Strongly Agree,1.0,Disagree,0.0,Strongly Agree,1.0,Disagree,0.0,Strongly Agree,1.0,Strongly Agree,1.0,Agree,0.0,Disagree,0.0,Strongly Disagree,0.0,Strongly Agree,1.0,Strongly Agree,1.0,Disagree,0.0,Agree,0.0,12,22,1.0
7449285,COSC 341 101 2020W,72450,2021-04-04 17:48:25 UTC,1,Strongly Disagree,0.0,Strongly Disagree,0.0,Strongly Disagree,0.0,Disagree,0.0,Agree,0.0,Strongly Agree,1.0,Disagree,0.0,Strongly Agree,1.0,Disagree,0.0,Strongly Agree,1.0,Strongly Disagree,0.0,Disagree,0.0,Agree,0.0,Strongly Disagree,0.0,Strongly Disagree,0.0,Agree,0.0,Agree,0.0,Strongly Agree,1.0,Strongly Agree,1.0,Strongly Disagree,0.0,Strongly Disagree,0.0,Strongly Agree,1.0,Strongly Agree,1.0,Strongly Agree,1.0,Disagree,0.0,Strongly Agree,1.0,Strongly Agree,1.0,Disagree,0.0,Strongly Disagree,0.0,Strongly Disagree,0.0,Strongly Agree,1.0,Strongly Agree,1.0,Agree,0.0,Disagree,0.0,12,22,1.0
5152483,COSC 341 101 2020W,72450,2021-04-04 17:39:00 UTC,1,Strongly Disagree,0.0,Strongly Disagree,0.0,Strongly Disagree,0.0,Disagree,0.0,Disagree,0.0,Strongly Agree,1.0,Disagree,0.0,Disagree,0.0,Disagree,0.0,Agree,0.0,Strongly Disagree,0.0,Disagree,0.0,Agree,0.0,Strongly Disagree,0.0,Strongly Disagree,0.0,Agree,0.0,Agree,0.0,Strongly Agree,1.0,Agree,0.0,Agree,0.0,Disagree,0.0,Agree,0.0,Agree,0.0,Agree,0.0,Disagree,0.0,Strongly Agree,1.0,Agree,0.0,Disagree,0.0,Disagree,0.0,Strongly Disagree,0.0,Agree,0.0,Strongly Agree,1.0,Agree,0.0,Strongly Disagree,0.0,4,30,1.0
5023118,COSC 341 101 2020W,72450,2021-04-04 17:10:04 UTC,1,Strongly Disagree,0.0,Strongly Disagree,0.0,Strongly Disagree,0.0,Disagree,0.0,Agree,0.0,Strongly Agree,1.0,Disagree,0.0,Agree,0.0,Disagree,0.0,Agree,0.0,Strongly Disagree,0.0,Disagree,0.0,Strongly Agree,1.0,Strongly Disagree,0.0,Strongly Disagree,0.0,Agree,0.0,Agree,0.0,Strongly Agree,1.0,Agree,0.0,Strongly Disagree,0.0,Disagree,0.0,Strongly Agree,1.0,Agree,0.0,Strongly Agree,1.0,Disagree,0.0,Agree,0.0,Agree,0.0,Agree,0.0,Disagree,0.0,Strongly Disagree,0.0,Strongly Agree,1.0,Agree,0.0,Agree,0.0,Agree,0.0,6,28,1.0
